{
  "model_size": "small",
  "weights": "results/wiki_coherent_50_50_small_seed44/model_final.npz",
  "n_pairs": 2000,
  "avg_correct_nll": 1.299787555460249,
  "avg_incorrect_nll": 1.2959107715020983,
  "delta": -0.003876783958150609,
  "pair_accuracy": 0.465,
  "correct_wins": 930,
  "bootstrap_ci_95": [
    -0.008717344030125657,
    0.0010781516182572146
  ],
  "wilcoxon_p": 0.9480796927342232,
  "robustness": {
    "sum_nll": {
      "avg_correct": 320.7507719740868,
      "avg_incorrect": 321.61788149797917,
      "delta": 0.8671095238923954,
      "pair_accuracy": 0.503,
      "correct_wins": 1006
    },
    "length_matched_mean_nll": {
      "avg_correct": 1.299892673789034,
      "avg_incorrect": 1.2960920241397038,
      "delta": -0.0038006496493301345,
      "pair_accuracy": 0.4665,
      "correct_wins": 933
    },
    "completion_lengths": {
      "correct_mean": 472.187,
      "incorrect_mean": 499.9635,
      "correct_min": 22,
      "incorrect_min": 30,
      "correct_max": 997,
      "incorrect_max": 1180,
      "correct_scored_mean": 247.4325,
      "incorrect_scored_mean": 248.846
    }
  },
  "by_type": {
    "CARDINAL": {
      "n": 204,
      "avg_correct_nll": 1.3369776003451108,
      "avg_incorrect_nll": 1.3037385964779835,
      "delta": -0.033239003867127304,
      "accuracy": 0.30392156862745096,
      "correct_wins": 62,
      "avg_correct_sum_nll": 319.9169639430794,
      "avg_incorrect_sum_nll": 317.0010641170483,
      "sum_delta": -2.9158998260310796,
      "sum_accuracy": 0.4068627450980392,
      "sum_correct_wins": 83,
      "avg_correct_matched_mean_nll": 1.3370503054822296,
      "avg_incorrect_matched_mean_nll": 1.3001660357713285,
      "matched_mean_delta": -0.036884269710901085,
      "matched_mean_accuracy": 0.29901960784313725,
      "matched_mean_correct_wins": 61
    },
    "DATE": {
      "n": 326,
      "avg_correct_nll": 1.260697437968693,
      "avg_incorrect_nll": 1.2607754880322173,
      "delta": 7.80500635242376e-05,
      "accuracy": 0.4601226993865031,
      "correct_wins": 150,
      "avg_correct_sum_nll": 310.99208699413606,
      "avg_incorrect_sum_nll": 313.7551565199542,
      "sum_delta": 2.763069525818139,
      "sum_accuracy": 0.49693251533742333,
      "sum_correct_wins": 162,
      "avg_correct_matched_mean_nll": 1.2611087585609535,
      "avg_incorrect_matched_mean_nll": 1.2611606115984626,
      "matched_mean_delta": 5.185303750909753e-05,
      "matched_mean_accuracy": 0.450920245398773,
      "matched_mean_correct_wins": 147
    },
    "EVENT": {
      "n": 9,
      "avg_correct_nll": 1.191591204247541,
      "avg_incorrect_nll": 1.1501665003597736,
      "delta": -0.04142470388776731,
      "accuracy": 0.2222222222222222,
      "correct_wins": 2,
      "avg_correct_sum_nll": 305.0473482873705,
      "avg_incorrect_sum_nll": 294.44262409210205,
      "sum_delta": -10.604724195268432,
      "sum_accuracy": 0.2222222222222222,
      "sum_correct_wins": 2,
      "avg_correct_matched_mean_nll": 1.191591204247541,
      "avg_incorrect_matched_mean_nll": 1.1501665003597736,
      "matched_mean_delta": -0.04142470388776731,
      "matched_mean_accuracy": 0.2222222222222222,
      "matched_mean_correct_wins": 2
    },
    "GPE": {
      "n": 282,
      "avg_correct_nll": 1.2712338306938247,
      "avg_incorrect_nll": 1.2776184020128347,
      "delta": 0.006384571319010046,
      "accuracy": 0.4858156028368794,
      "correct_wins": 137,
      "avg_correct_sum_nll": 315.98881358457794,
      "avg_incorrect_sum_nll": 318.55987073766426,
      "sum_delta": 2.571057153086315,
      "sum_accuracy": 0.5106382978723404,
      "sum_correct_wins": 144,
      "avg_correct_matched_mean_nll": 1.2709301287440722,
      "avg_incorrect_matched_mean_nll": 1.27864780686835,
      "matched_mean_delta": 0.007717678124277816,
      "matched_mean_accuracy": 0.48936170212765956,
      "matched_mean_correct_wins": 138
    },
    "LOC": {
      "n": 33,
      "avg_correct_nll": 1.2154083682704098,
      "avg_incorrect_nll": 1.2258506979462176,
      "delta": 0.010442329675807827,
      "accuracy": 0.5151515151515151,
      "correct_wins": 17,
      "avg_correct_sum_nll": 284.7527567834565,
      "avg_incorrect_sum_nll": 287.55420966581863,
      "sum_delta": 2.8014528823621276,
      "sum_accuracy": 0.5757575757575758,
      "sum_correct_wins": 19,
      "avg_correct_matched_mean_nll": 1.2130669564564442,
      "avg_incorrect_matched_mean_nll": 1.2283264457678484,
      "matched_mean_delta": 0.015259489311404195,
      "matched_mean_accuracy": 0.5454545454545454,
      "matched_mean_correct_wins": 18
    },
    "NORP": {
      "n": 169,
      "avg_correct_nll": 1.2499829777508065,
      "avg_incorrect_nll": 1.2586837232468913,
      "delta": 0.008700745496084794,
      "accuracy": 0.4970414201183432,
      "correct_wins": 84,
      "avg_correct_sum_nll": 307.0532295379413,
      "avg_incorrect_sum_nll": 311.1652969255955,
      "sum_delta": 4.112067387654179,
      "sum_accuracy": 0.5502958579881657,
      "sum_correct_wins": 93,
      "avg_correct_matched_mean_nll": 1.2499809678680276,
      "avg_incorrect_matched_mean_nll": 1.2578870124150194,
      "matched_mean_delta": 0.007906044546991842,
      "matched_mean_accuracy": 0.48520710059171596,
      "matched_mean_correct_wins": 82
    },
    "ORG": {
      "n": 517,
      "avg_correct_nll": 1.2946206108455833,
      "avg_incorrect_nll": 1.2895990296197082,
      "delta": -0.005021581225875149,
      "accuracy": 0.46808510638297873,
      "correct_wins": 242,
      "avg_correct_sum_nll": 321.04771103157987,
      "avg_incorrect_sum_nll": 321.0107814670762,
      "sum_delta": -0.03692956450368001,
      "sum_accuracy": 0.49709864603481624,
      "sum_correct_wins": 257,
      "avg_correct_matched_mean_nll": 1.295089621778994,
      "avg_incorrect_matched_mean_nll": 1.2902154455869232,
      "matched_mean_delta": -0.004874176192070756,
      "matched_mean_accuracy": 0.4738878143133462,
      "matched_mean_correct_wins": 245
    },
    "PERSON": {
      "n": 460,
      "avg_correct_nll": 1.3607773899531275,
      "avg_incorrect_nll": 1.3572018516934536,
      "delta": -0.003575538259673827,
      "accuracy": 0.5130434782608696,
      "correct_wins": 236,
      "avg_correct_sum_nll": 338.54410436775373,
      "avg_incorrect_sum_nll": 338.61021653880243,
      "sum_delta": 0.06611217104870093,
      "sum_accuracy": 0.5347826086956522,
      "sum_correct_wins": 246,
      "avg_correct_matched_mean_nll": 1.360738446157102,
      "avg_incorrect_matched_mean_nll": 1.3580925530085406,
      "matched_mean_delta": -0.00264589314856134,
      "matched_mean_accuracy": 0.5217391304347826,
      "matched_mean_correct_wins": 240
    }
  }
}