{
  "model_size": "tiny",
  "weights": "results/condE_50_50_tiny_seed44/model_final.npz",
  "correct_loss": 0.25027849406003955,
  "correct_ppl": 1.2843830599376775,
  "incorrect_loss": 0.2512980481982231,
  "incorrect_ppl": 1.2856932257804612,
  "ratio_inc_over_cor": 1.0040736785715954,
  "prefers": "correct",
  "delta": 0.0010195541381835538
}