{
  "model_size": "tiny",
  "weights": "results/multirule_2_50_50_tiny_seed44/model_final.npz",
  "correct_loss": 0.15637413591146468,
  "correct_ppl": 1.1692635847616992,
  "incorrect_loss": 0.1867307448387146,
  "incorrect_ppl": 1.2053027073799059,
  "ratio_inc_over_cor": 1.1941280682403714,
  "prefers": "correct",
  "delta": 0.030356608927249923
}