{
  "model_size": "medium",
  "weights": "results/wiki_random_50_50_medium_seed43/model_final.npz",
  "n_pairs": 2000,
  "avg_correct_nll": 1.2560776562819274,
  "avg_incorrect_nll": 1.3231439090940955,
  "delta": 0.06706625281216816,
  "pair_accuracy": 0.7045,
  "correct_wins": 1409,
  "bootstrap_ci_95": [
    0.06154806772074047,
    0.07267088464590953
  ],
  "wilcoxon_p": 3.087359297198745e-119,
  "robustness": {
    "sum_nll": {
      "avg_correct": 310.0666814085245,
      "avg_incorrect": 328.32669672620295,
      "delta": 18.260015317678437,
      "pair_accuracy": 0.721,
      "correct_wins": 1442
    },
    "length_matched_mean_nll": {
      "avg_correct": 1.25592045392153,
      "avg_incorrect": 1.3237348698027145,
      "delta": 0.06781441588118442,
      "pair_accuracy": 0.707,
      "correct_wins": 1414
    },
    "completion_lengths": {
      "correct_mean": 472.187,
      "incorrect_mean": 500.3365,
      "correct_min": 22,
      "incorrect_min": 27,
      "correct_max": 997,
      "incorrect_max": 1210,
      "correct_scored_mean": 247.4325,
      "incorrect_scored_mean": 248.8135
    }
  },
  "by_type": {
    "CARDINAL": {
      "n": 172,
      "avg_correct_nll": 1.3035128304248544,
      "avg_incorrect_nll": 1.342037156360913,
      "delta": 0.03852432593605859,
      "accuracy": 0.6162790697674418,
      "correct_wins": 106,
      "avg_correct_sum_nll": 312.9591867050459,
      "avg_incorrect_sum_nll": 324.4804720670678,
      "sum_delta": 11.5212853620219,
      "sum_accuracy": 0.6511627906976745,
      "sum_correct_wins": 112,
      "avg_correct_matched_mean_nll": 1.303676210825906,
      "avg_incorrect_matched_mean_nll": 1.342927785457707,
      "matched_mean_delta": 0.03925157463180118,
      "matched_mean_accuracy": 0.627906976744186,
      "matched_mean_correct_wins": 108
    },
    "DATE": {
      "n": 211,
      "avg_correct_nll": 1.225995361518476,
      "avg_incorrect_nll": 1.2811565802243285,
      "delta": 0.055161218705852555,
      "accuracy": 0.6777251184834123,
      "correct_wins": 143,
      "avg_correct_sum_nll": 303.47553767638186,
      "avg_incorrect_sum_nll": 320.3109735233524,
      "sum_delta": 16.83543584697054,
      "sum_accuracy": 0.7014218009478673,
      "sum_correct_wins": 148,
      "avg_correct_matched_mean_nll": 1.2258773763343604,
      "avg_incorrect_matched_mean_nll": 1.28183521316579,
      "matched_mean_delta": 0.05595783683142952,
      "matched_mean_accuracy": 0.6777251184834123,
      "matched_mean_correct_wins": 143
    },
    "EVENT": {
      "n": 8,
      "avg_correct_nll": 1.1549866780732874,
      "avg_incorrect_nll": 1.224920044182311,
      "delta": 0.06993336610902356,
      "accuracy": 0.5,
      "correct_wins": 4,
      "avg_correct_sum_nll": 285.02065324783325,
      "avg_incorrect_sum_nll": 299.9352571964264,
      "sum_delta": 14.91460394859314,
      "sum_accuracy": 0.5,
      "sum_correct_wins": 4,
      "avg_correct_matched_mean_nll": 1.1549866780732874,
      "avg_incorrect_matched_mean_nll": 1.2267098020123883,
      "matched_mean_delta": 0.07172312393910096,
      "matched_mean_accuracy": 0.5,
      "matched_mean_correct_wins": 4
    },
    "GPE": {
      "n": 301,
      "avg_correct_nll": 1.2181044392082672,
      "avg_incorrect_nll": 1.3139468427541332,
      "delta": 0.09584240354586604,
      "accuracy": 0.7940199335548173,
      "correct_wins": 239,
      "avg_correct_sum_nll": 302.01610487244056,
      "avg_incorrect_sum_nll": 326.6656445902447,
      "sum_delta": 24.649539717804146,
      "sum_accuracy": 0.7873754152823921,
      "sum_correct_wins": 237,
      "avg_correct_matched_mean_nll": 1.2176990232932996,
      "avg_incorrect_matched_mean_nll": 1.314845046456073,
      "matched_mean_delta": 0.09714602316277343,
      "matched_mean_accuracy": 0.7940199335548173,
      "matched_mean_correct_wins": 239
    },
    "LOC": {
      "n": 45,
      "avg_correct_nll": 1.1984906761749223,
      "avg_incorrect_nll": 1.2861891627701763,
      "delta": 0.08769848659525392,
      "accuracy": 0.7777777777777778,
      "correct_wins": 35,
      "avg_correct_sum_nll": 286.1181863572862,
      "avg_incorrect_sum_nll": 301.8544473118252,
      "sum_delta": 15.736260954538977,
      "sum_accuracy": 0.8,
      "sum_correct_wins": 36,
      "avg_correct_matched_mean_nll": 1.1965745329071198,
      "avg_incorrect_matched_mean_nll": 1.2831301048203463,
      "matched_mean_delta": 0.08655557191322649,
      "matched_mean_accuracy": 0.7777777777777778,
      "matched_mean_correct_wins": 35
    },
    "NORP": {
      "n": 197,
      "avg_correct_nll": 1.2011156832890757,
      "avg_incorrect_nll": 1.2859490971419594,
      "delta": 0.08483341385288368,
      "accuracy": 0.7563451776649747,
      "correct_wins": 149,
      "avg_correct_sum_nll": 294.4513807962389,
      "avg_incorrect_sum_nll": 316.771318156102,
      "sum_delta": 22.319937359863104,
      "sum_accuracy": 0.7817258883248731,
      "sum_correct_wins": 154,
      "avg_correct_matched_mean_nll": 1.2014191818253859,
      "avg_incorrect_matched_mean_nll": 1.287608435564207,
      "matched_mean_delta": 0.08618925373882114,
      "matched_mean_accuracy": 0.766497461928934,
      "matched_mean_correct_wins": 151
    },
    "ORG": {
      "n": 664,
      "avg_correct_nll": 1.255545150351144,
      "avg_incorrect_nll": 1.3180805545102876,
      "delta": 0.06253540415914371,
      "accuracy": 0.6536144578313253,
      "correct_wins": 434,
      "avg_correct_sum_nll": 309.8957862581115,
      "avg_incorrect_sum_nll": 327.26314206942016,
      "sum_delta": 17.36735581130864,
      "sum_accuracy": 0.6792168674698795,
      "sum_correct_wins": 451,
      "avg_correct_matched_mean_nll": 1.2556046222668282,
      "avg_incorrect_matched_mean_nll": 1.3187295747291354,
      "matched_mean_delta": 0.0631249524623072,
      "matched_mean_accuracy": 0.661144578313253,
      "matched_mean_correct_wins": 439
    },
    "PERSON": {
      "n": 402,
      "avg_correct_nll": 1.3162758829729546,
      "avg_incorrect_nll": 1.376666806437495,
      "delta": 0.060390923464540336,
      "accuracy": 0.7437810945273632,
      "correct_wins": 299,
      "avg_correct_sum_nll": 329.4303208536177,
      "avg_incorrect_sum_nll": 346.37106871723535,
      "sum_delta": 16.940747863617673,
      "sum_accuracy": 0.746268656716418,
      "sum_correct_wins": 300,
      "avg_correct_matched_mean_nll": 1.3157568949079335,
      "avg_incorrect_matched_mean_nll": 1.3766187536968522,
      "matched_mean_delta": 0.0608618587889187,
      "matched_mean_accuracy": 0.7338308457711443,
      "matched_mean_correct_wins": 295
    }
  }
}