{
  "model_size": "tiny",
  "weights": "results/wiki_coherent_50_50_tiny_seed44/model_final.npz",
  "n_pairs": 2000,
  "avg_correct_nll": 1.3978183106450537,
  "avg_incorrect_nll": 1.3997176320331688,
  "delta": 0.001899321388115105,
  "pair_accuracy": 0.493,
  "correct_wins": 986,
  "bootstrap_ci_95": [
    -0.0030993750167506197,
    0.006914745690707761
  ],
  "wilcoxon_p": 0.09997151710391428,
  "robustness": {
    "sum_nll": {
      "avg_correct": 344.88058614969253,
      "avg_incorrect": 347.3980001344681,
      "delta": 2.517413984775544,
      "pair_accuracy": 0.529,
      "correct_wins": 1058
    },
    "length_matched_mean_nll": {
      "avg_correct": 1.3977845344848512,
      "avg_incorrect": 1.3997899527489555,
      "delta": 0.002005418264104275,
      "pair_accuracy": 0.4905,
      "correct_wins": 981
    },
    "completion_lengths": {
      "correct_mean": 472.187,
      "incorrect_mean": 499.9635,
      "correct_min": 22,
      "incorrect_min": 30,
      "correct_max": 997,
      "incorrect_max": 1180,
      "correct_scored_mean": 247.4325,
      "incorrect_scored_mean": 248.846
    }
  },
  "by_type": {
    "CARDINAL": {
      "n": 204,
      "avg_correct_nll": 1.4278592681267142,
      "avg_incorrect_nll": 1.3958390605220716,
      "delta": -0.032020207604642525,
      "accuracy": 0.3284313725490196,
      "correct_wins": 67,
      "avg_correct_sum_nll": 341.505513233297,
      "avg_incorrect_sum_nll": 339.3174123401735,
      "sum_delta": -2.188100893123476,
      "sum_accuracy": 0.4362745098039216,
      "sum_correct_wins": 89,
      "avg_correct_matched_mean_nll": 1.428037961971568,
      "avg_incorrect_matched_mean_nll": 1.3913885081870854,
      "matched_mean_delta": -0.03664945378448259,
      "matched_mean_accuracy": 0.3137254901960784,
      "matched_mean_correct_wins": 64
    },
    "DATE": {
      "n": 326,
      "avg_correct_nll": 1.3527159870022831,
      "avg_incorrect_nll": 1.3609118414655188,
      "delta": 0.008195854463235674,
      "accuracy": 0.5153374233128835,
      "correct_wins": 168,
      "avg_correct_sum_nll": 333.728797610552,
      "avg_incorrect_sum_nll": 338.74980008821547,
      "sum_delta": 5.021002477663444,
      "sum_accuracy": 0.5460122699386503,
      "sum_correct_wins": 178,
      "avg_correct_matched_mean_nll": 1.3532473012142663,
      "avg_incorrect_matched_mean_nll": 1.3616678779211344,
      "matched_mean_delta": 0.008420576706868133,
      "matched_mean_accuracy": 0.5,
      "matched_mean_correct_wins": 163
    },
    "EVENT": {
      "n": 9,
      "avg_correct_nll": 1.2818098010288344,
      "avg_incorrect_nll": 1.2520606499165297,
      "delta": -0.029749151112304695,
      "accuracy": 0.2222222222222222,
      "correct_wins": 2,
      "avg_correct_sum_nll": 328.1433090633816,
      "avg_incorrect_sum_nll": 320.5275263786316,
      "sum_delta": -7.615782684750002,
      "sum_accuracy": 0.2222222222222222,
      "sum_correct_wins": 2,
      "avg_correct_matched_mean_nll": 1.2818098010288344,
      "avg_incorrect_matched_mean_nll": 1.2520606499165297,
      "matched_mean_delta": -0.029749151112304695,
      "matched_mean_accuracy": 0.2222222222222222,
      "matched_mean_correct_wins": 2
    },
    "GPE": {
      "n": 282,
      "avg_correct_nll": 1.3722393994110198,
      "avg_incorrect_nll": 1.3883308286917555,
      "delta": 0.016091429280735703,
      "accuracy": 0.5212765957446809,
      "correct_wins": 147,
      "avg_correct_sum_nll": 340.9558714391492,
      "avg_incorrect_sum_nll": 346.1191968097754,
      "sum_delta": 5.163325370626239,
      "sum_accuracy": 0.549645390070922,
      "sum_correct_wins": 155,
      "avg_correct_matched_mean_nll": 1.3721601117842073,
      "avg_incorrect_matched_mean_nll": 1.3892224693085358,
      "matched_mean_delta": 0.017062357524328498,
      "matched_mean_accuracy": 0.5177304964539007,
      "matched_mean_correct_wins": 146
    },
    "LOC": {
      "n": 33,
      "avg_correct_nll": 1.3184199800451224,
      "avg_incorrect_nll": 1.3418959546556128,
      "delta": 0.023475974610490447,
      "accuracy": 0.5757575757575758,
      "correct_wins": 19,
      "avg_correct_sum_nll": 307.56004162990683,
      "avg_incorrect_sum_nll": 313.3219443017786,
      "sum_delta": 5.7619026718717805,
      "sum_accuracy": 0.6060606060606061,
      "sum_correct_wins": 20,
      "avg_correct_matched_mean_nll": 1.3139835902102872,
      "avg_incorrect_matched_mean_nll": 1.3440310161572073,
      "matched_mean_delta": 0.030047425946920114,
      "matched_mean_accuracy": 0.5757575757575758,
      "matched_mean_correct_wins": 19
    },
    "NORP": {
      "n": 169,
      "avg_correct_nll": 1.3491877147087799,
      "avg_incorrect_nll": 1.3633035873129162,
      "delta": 0.014115872604136381,
      "accuracy": 0.5207100591715976,
      "correct_wins": 88,
      "avg_correct_sum_nll": 331.456202760956,
      "avg_incorrect_sum_nll": 337.1148776782335,
      "sum_delta": 5.658674917277494,
      "sum_accuracy": 0.5798816568047337,
      "sum_correct_wins": 98,
      "avg_correct_matched_mean_nll": 1.3486578278392019,
      "avg_incorrect_matched_mean_nll": 1.3620790922844972,
      "matched_mean_delta": 0.013421264445295344,
      "matched_mean_accuracy": 0.5266272189349113,
      "matched_mean_correct_wins": 89
    },
    "ORG": {
      "n": 517,
      "avg_correct_nll": 1.3934543460391768,
      "avg_incorrect_nll": 1.3943199979256948,
      "delta": 0.000865651886517993,
      "accuracy": 0.49709864603481624,
      "correct_wins": 257,
      "avg_correct_sum_nll": 345.52111910205747,
      "avg_incorrect_sum_nll": 347.14312902133287,
      "sum_delta": 1.6220099192753992,
      "sum_accuracy": 0.5183752417794971,
      "sum_correct_wins": 268,
      "avg_correct_matched_mean_nll": 1.393365228394221,
      "avg_incorrect_matched_mean_nll": 1.3948658165793604,
      "matched_mean_delta": 0.0015005881851393177,
      "matched_mean_accuracy": 0.4951644100580271,
      "matched_mean_correct_wins": 256
    },
    "PERSON": {
      "n": 460,
      "avg_correct_nll": 1.4628774781669989,
      "avg_incorrect_nll": 1.4624014873361944,
      "delta": -0.000475990830804518,
      "accuracy": 0.5173913043478261,
      "correct_wins": 238,
      "avg_correct_sum_nll": 363.90351268519527,
      "avg_incorrect_sum_nll": 364.92916498132377,
      "sum_delta": 1.0256522961284986,
      "sum_accuracy": 0.5391304347826087,
      "sum_correct_wins": 248,
      "avg_correct_matched_mean_nll": 1.4629365442123234,
      "avg_incorrect_matched_mean_nll": 1.4632904828921807,
      "matched_mean_delta": 0.00035393867985722416,
      "matched_mean_accuracy": 0.5260869565217391,
      "matched_mean_correct_wins": 242
    }
  }
}