{
  "model_size": "tiny",
  "weights": "results/wiki_coherent_50_50_tiny_seed42/model_final.npz",
  "n_pairs": 2000,
  "avg_correct_nll": 1.3902022311204894,
  "avg_incorrect_nll": 1.3891730749303501,
  "delta": -0.0010291561901392132,
  "pair_accuracy": 0.483,
  "correct_wins": 966,
  "bootstrap_ci_95": [
    -0.006019072079819837,
    0.004022932415218165
  ],
  "wilcoxon_p": 0.537844360181657,
  "robustness": {
    "sum_nll": {
      "avg_correct": 342.9503091094494,
      "avg_incorrect": 344.7501714231968,
      "delta": 1.7998623137473828,
      "pair_accuracy": 0.5215,
      "correct_wins": 1043
    },
    "length_matched_mean_nll": {
      "avg_correct": 1.39009523930783,
      "avg_incorrect": 1.3892324970609224,
      "delta": -0.0008627422469076329,
      "pair_accuracy": 0.4825,
      "correct_wins": 965
    },
    "completion_lengths": {
      "correct_mean": 472.187,
      "incorrect_mean": 499.9635,
      "correct_min": 22,
      "incorrect_min": 30,
      "correct_max": 997,
      "incorrect_max": 1180,
      "correct_scored_mean": 247.4325,
      "incorrect_scored_mean": 248.846
    }
  },
  "by_type": {
    "CARDINAL": {
      "n": 204,
      "avg_correct_nll": 1.4218683332903042,
      "avg_incorrect_nll": 1.3893090209380552,
      "delta": -0.03255931235224896,
      "accuracy": 0.28921568627450983,
      "correct_wins": 59,
      "avg_correct_sum_nll": 340.12054556140714,
      "avg_incorrect_sum_nll": 337.8066410784628,
      "sum_delta": -2.313904482944338,
      "sum_accuracy": 0.4117647058823529,
      "sum_correct_wins": 84,
      "avg_correct_matched_mean_nll": 1.421934826476729,
      "avg_incorrect_matched_mean_nll": 1.384953794163294,
      "matched_mean_delta": -0.03698103231343519,
      "matched_mean_accuracy": 0.27941176470588236,
      "matched_mean_correct_wins": 57
    },
    "DATE": {
      "n": 326,
      "avg_correct_nll": 1.3458705209035946,
      "avg_incorrect_nll": 1.3508821330271006,
      "delta": 0.005011612123505982,
      "accuracy": 0.48773006134969327,
      "correct_wins": 159,
      "avg_correct_sum_nll": 331.92880738586007,
      "avg_incorrect_sum_nll": 336.1736375225102,
      "sum_delta": 4.244830136650137,
      "sum_accuracy": 0.5153374233128835,
      "sum_correct_wins": 168,
      "avg_correct_matched_mean_nll": 1.346221386800249,
      "avg_incorrect_matched_mean_nll": 1.3511850362255622,
      "matched_mean_delta": 0.0049636494253131325,
      "matched_mean_accuracy": 0.4754601226993865,
      "matched_mean_correct_wins": 155
    },
    "EVENT": {
      "n": 9,
      "avg_correct_nll": 1.268171884222991,
      "avg_incorrect_nll": 1.2330280145009358,
      "delta": -0.03514386972205519,
      "accuracy": 0.3333333333333333,
      "correct_wins": 3,
      "avg_correct_sum_nll": 324.6520023610857,
      "avg_incorrect_sum_nll": 315.65517171223956,
      "sum_delta": -8.996830648846128,
      "sum_accuracy": 0.3333333333333333,
      "sum_correct_wins": 3,
      "avg_correct_matched_mean_nll": 1.268171884222991,
      "avg_incorrect_matched_mean_nll": 1.2330280145009358,
      "matched_mean_delta": -0.03514386972205519,
      "matched_mean_accuracy": 0.3333333333333333,
      "matched_mean_correct_wins": 3
    },
    "GPE": {
      "n": 282,
      "avg_correct_nll": 1.363039812523308,
      "avg_incorrect_nll": 1.3745499629886127,
      "delta": 0.01151015046530457,
      "accuracy": 0.5070921985815603,
      "correct_wins": 143,
      "avg_correct_sum_nll": 338.63641314895443,
      "avg_incorrect_sum_nll": 342.7105020107107,
      "sum_delta": 4.074088861756252,
      "sum_accuracy": 0.5425531914893617,
      "sum_correct_wins": 153,
      "avg_correct_matched_mean_nll": 1.3626800020518663,
      "avg_incorrect_matched_mean_nll": 1.3759130132950996,
      "matched_mean_delta": 0.013233011243233284,
      "matched_mean_accuracy": 0.5106382978723404,
      "matched_mean_correct_wins": 144
    },
    "LOC": {
      "n": 33,
      "avg_correct_nll": 1.3112843359794022,
      "avg_incorrect_nll": 1.3353637106452998,
      "delta": 0.0240793746658976,
      "accuracy": 0.6363636363636364,
      "correct_wins": 21,
      "avg_correct_sum_nll": 304.8561871846517,
      "avg_incorrect_sum_nll": 311.12720928047645,
      "sum_delta": 6.271022095824776,
      "sum_accuracy": 0.6363636363636364,
      "sum_correct_wins": 21,
      "avg_correct_matched_mean_nll": 1.3037278974753932,
      "avg_incorrect_matched_mean_nll": 1.3378774564813307,
      "matched_mean_delta": 0.034149559005937524,
      "matched_mean_accuracy": 0.6363636363636364,
      "matched_mean_correct_wins": 21
    },
    "NORP": {
      "n": 169,
      "avg_correct_nll": 1.336762429353925,
      "avg_incorrect_nll": 1.3501025390340482,
      "delta": 0.013340109680123113,
      "accuracy": 0.5384615384615384,
      "correct_wins": 91,
      "avg_correct_sum_nll": 328.43839899745916,
      "avg_incorrect_sum_nll": 333.8944316883764,
      "sum_delta": 5.4560326909172545,
      "sum_accuracy": 0.5857988165680473,
      "sum_correct_wins": 99,
      "avg_correct_matched_mean_nll": 1.336680146750851,
      "avg_incorrect_matched_mean_nll": 1.349249207707414,
      "matched_mean_delta": 0.012569060956563183,
      "matched_mean_accuracy": 0.5325443786982249,
      "matched_mean_correct_wins": 90
    },
    "ORG": {
      "n": 517,
      "avg_correct_nll": 1.3852281942622302,
      "avg_incorrect_nll": 1.382627651385729,
      "delta": -0.002600542876501244,
      "accuracy": 0.4816247582205029,
      "correct_wins": 249,
      "avg_correct_sum_nll": 343.395898699991,
      "avg_incorrect_sum_nll": 344.1976549547,
      "sum_delta": 0.8017562547090051,
      "sum_accuracy": 0.5106382978723404,
      "sum_correct_wins": 264,
      "avg_correct_matched_mean_nll": 1.3851924418330543,
      "avg_incorrect_matched_mean_nll": 1.3830548395239424,
      "matched_mean_delta": -0.0021376023091119745,
      "matched_mean_accuracy": 0.4874274661508704,
      "matched_mean_correct_wins": 252
    },
    "PERSON": {
      "n": 460,
      "avg_correct_nll": 1.45750119187804,
      "avg_incorrect_nll": 1.4538399243798565,
      "delta": -0.003661267498183518,
      "accuracy": 0.5239130434782608,
      "correct_wins": 241,
      "avg_correct_sum_nll": 362.5823390255804,
      "avg_incorrect_sum_nll": 362.74865140966745,
      "sum_delta": 0.16631238408706395,
      "sum_accuracy": 0.5456521739130434,
      "sum_correct_wins": 251,
      "avg_correct_matched_mean_nll": 1.4575909489904824,
      "avg_incorrect_matched_mean_nll": 1.454632504832518,
      "matched_mean_delta": -0.002958444157964424,
      "matched_mean_accuracy": 0.5282608695652173,
      "matched_mean_correct_wins": 243
    }
  }
}