{
  "model_size": "tiny",
  "weights": "results/wiki_random_50_50_tiny_seed44/model_final.npz",
  "n_pairs": 2000,
  "avg_correct_nll": 1.3851127112712864,
  "avg_incorrect_nll": 1.4484357842769386,
  "delta": 0.06332307300565221,
  "pair_accuracy": 0.697,
  "correct_wins": 1394,
  "bootstrap_ci_95": [
    0.057806088880536996,
    0.06893016429988612
  ],
  "wilcoxon_p": 1.846920007448225e-103,
  "robustness": {
    "sum_nll": {
      "avg_correct": 341.7342748514414,
      "avg_incorrect": 359.3245419037342,
      "delta": 17.590267052292802,
      "pair_accuracy": 0.709,
      "correct_wins": 1418
    },
    "length_matched_mean_nll": {
      "avg_correct": 1.3849258388504524,
      "avg_incorrect": 1.4486827957326969,
      "delta": 0.06375695688224448,
      "pair_accuracy": 0.692,
      "correct_wins": 1384
    },
    "completion_lengths": {
      "correct_mean": 472.187,
      "incorrect_mean": 500.3365,
      "correct_min": 22,
      "incorrect_min": 27,
      "correct_max": 997,
      "incorrect_max": 1210,
      "correct_scored_mean": 247.4325,
      "incorrect_scored_mean": 248.8135
    }
  },
  "by_type": {
    "CARDINAL": {
      "n": 172,
      "avg_correct_nll": 1.424311795184152,
      "avg_incorrect_nll": 1.4588051743238517,
      "delta": 0.03449337913969974,
      "accuracy": 0.622093023255814,
      "correct_wins": 107,
      "avg_correct_sum_nll": 341.5099434312,
      "avg_incorrect_sum_nll": 352.6197772206262,
      "sum_delta": 11.109833789426204,
      "sum_accuracy": 0.6627906976744186,
      "sum_correct_wins": 114,
      "avg_correct_matched_mean_nll": 1.4243673042620346,
      "avg_incorrect_matched_mean_nll": 1.4584444692435912,
      "matched_mean_delta": 0.03407716498155655,
      "matched_mean_accuracy": 0.6104651162790697,
      "matched_mean_correct_wins": 105
    },
    "DATE": {
      "n": 211,
      "avg_correct_nll": 1.3527390613852794,
      "avg_incorrect_nll": 1.4048552357348567,
      "delta": 0.05211617434957727,
      "accuracy": 0.6587677725118484,
      "correct_wins": 139,
      "avg_correct_sum_nll": 334.82891597793,
      "avg_incorrect_sum_nll": 351.39451334939747,
      "sum_delta": 16.565597371467447,
      "sum_accuracy": 0.6682464454976303,
      "sum_correct_wins": 141,
      "avg_correct_matched_mean_nll": 1.3525192186120596,
      "avg_incorrect_matched_mean_nll": 1.4056046070902588,
      "matched_mean_delta": 0.053085388478199214,
      "matched_mean_accuracy": 0.6492890995260664,
      "matched_mean_correct_wins": 137
    },
    "EVENT": {
      "n": 8,
      "avg_correct_nll": 1.268123697138946,
      "avg_incorrect_nll": 1.3187722743627774,
      "delta": 0.050648577223831426,
      "accuracy": 0.625,
      "correct_wins": 5,
      "avg_correct_sum_nll": 312.5325716137886,
      "avg_incorrect_sum_nll": 323.7089060842991,
      "sum_delta": 11.176334470510483,
      "sum_accuracy": 0.625,
      "sum_correct_wins": 5,
      "avg_correct_matched_mean_nll": 1.268123697138946,
      "avg_incorrect_matched_mean_nll": 1.3175595679812218,
      "matched_mean_delta": 0.04943587084227574,
      "matched_mean_accuracy": 0.625,
      "matched_mean_correct_wins": 5
    },
    "GPE": {
      "n": 301,
      "avg_correct_nll": 1.3574541025975049,
      "avg_incorrect_nll": 1.451011815428217,
      "delta": 0.09355771283071213,
      "accuracy": 0.7807308970099668,
      "correct_wins": 235,
      "avg_correct_sum_nll": 336.1535193753797,
      "avg_incorrect_sum_nll": 360.4921619931725,
      "sum_delta": 24.3386426177928,
      "sum_accuracy": 0.7641196013289037,
      "sum_correct_wins": 230,
      "avg_correct_matched_mean_nll": 1.3568790602695615,
      "avg_incorrect_matched_mean_nll": 1.4514940474393134,
      "matched_mean_delta": 0.09461498716975192,
      "matched_mean_accuracy": 0.7774086378737541,
      "matched_mean_correct_wins": 234
    },
    "LOC": {
      "n": 45,
      "avg_correct_nll": 1.3225407676848768,
      "avg_incorrect_nll": 1.4079366043761323,
      "delta": 0.0853958366912555,
      "accuracy": 0.8,
      "correct_wins": 36,
      "avg_correct_sum_nll": 314.2228640874227,
      "avg_incorrect_sum_nll": 330.385825782352,
      "sum_delta": 16.162961694929322,
      "sum_accuracy": 0.8,
      "sum_correct_wins": 36,
      "avg_correct_matched_mean_nll": 1.321663421011651,
      "avg_incorrect_matched_mean_nll": 1.407060002070358,
      "matched_mean_delta": 0.08539658105870718,
      "matched_mean_accuracy": 0.8,
      "matched_mean_correct_wins": 36
    },
    "NORP": {
      "n": 197,
      "avg_correct_nll": 1.3311379321108192,
      "avg_incorrect_nll": 1.4251071416005263,
      "delta": 0.0939692094897071,
      "accuracy": 0.7918781725888325,
      "correct_wins": 156,
      "avg_correct_sum_nll": 326.1545315321327,
      "avg_incorrect_sum_nll": 350.76365339574477,
      "sum_delta": 24.609121863612074,
      "sum_accuracy": 0.7969543147208121,
      "sum_correct_wins": 157,
      "avg_correct_matched_mean_nll": 1.3311783655710618,
      "avg_incorrect_matched_mean_nll": 1.426274610314205,
      "matched_mean_delta": 0.09509624474314315,
      "matched_mean_accuracy": 0.7868020304568528,
      "matched_mean_correct_wins": 155
    },
    "ORG": {
      "n": 664,
      "avg_correct_nll": 1.3810087933039956,
      "avg_incorrect_nll": 1.437357794498795,
      "delta": 0.05634900119479935,
      "accuracy": 0.6536144578313253,
      "correct_wins": 434,
      "avg_correct_sum_nll": 340.8496391284897,
      "avg_incorrect_sum_nll": 356.81308333593677,
      "sum_delta": 15.963444207447083,
      "sum_accuracy": 0.677710843373494,
      "sum_correct_wins": 450,
      "avg_correct_matched_mean_nll": 1.381039982821612,
      "avg_incorrect_matched_mean_nll": 1.437580849613678,
      "matched_mean_delta": 0.056540866792065936,
      "matched_mean_accuracy": 0.6506024096385542,
      "matched_mean_correct_wins": 432
    },
    "PERSON": {
      "n": 402,
      "avg_correct_nll": 1.448604058293881,
      "avg_incorrect_nll": 1.5017887053529728,
      "delta": 0.05318464705909176,
      "accuracy": 0.7014925373134329,
      "correct_wins": 282,
      "avg_correct_sum_nll": 362.39013999848817,
      "avg_incorrect_sum_nll": 377.77298155708695,
      "sum_delta": 15.382841558598784,
      "sum_accuracy": 0.7089552238805971,
      "sum_correct_wins": 285,
      "avg_correct_matched_mean_nll": 1.4482234302633508,
      "avg_incorrect_matched_mean_nll": 1.501599262109009,
      "matched_mean_delta": 0.053375831845658306,
      "matched_mean_accuracy": 0.6965174129353234,
      "matched_mean_correct_wins": 280
    }
  }
}