{
  "model_size": "small",
  "weights": "results/wiki_coherent_50_50_small_seed45/model_final.npz",
  "n_pairs": 2000,
  "avg_correct_nll": 1.2999406808287872,
  "avg_incorrect_nll": 1.2957190702380192,
  "delta": -0.004221610590767977,
  "pair_accuracy": 0.461,
  "correct_wins": 922,
  "bootstrap_ci_95": [
    -0.009134948846029847,
    0.0007033923720662669
  ],
  "wilcoxon_p": 0.9430483103604227,
  "robustness": {
    "sum_nll": {
      "avg_correct": 320.74944618582725,
      "avg_incorrect": 321.5662601970434,
      "delta": 0.8168140112161382,
      "pair_accuracy": 0.499,
      "correct_wins": 998
    },
    "length_matched_mean_nll": {
      "avg_correct": 1.3000623851239477,
      "avg_incorrect": 1.2959125290444,
      "delta": -0.0041498560795476536,
      "pair_accuracy": 0.459,
      "correct_wins": 918
    },
    "completion_lengths": {
      "correct_mean": 472.187,
      "incorrect_mean": 499.9635,
      "correct_min": 22,
      "incorrect_min": 30,
      "correct_max": 997,
      "incorrect_max": 1180,
      "correct_scored_mean": 247.4325,
      "incorrect_scored_mean": 248.846
    }
  },
  "by_type": {
    "CARDINAL": {
      "n": 204,
      "avg_correct_nll": 1.3383139388311982,
      "avg_incorrect_nll": 1.3081869593008644,
      "delta": -0.03012697953033383,
      "accuracy": 0.3284313725490196,
      "correct_wins": 67,
      "avg_correct_sum_nll": 320.2419273093635,
      "avg_incorrect_sum_nll": 317.9852120899687,
      "sum_delta": -2.2567152193948345,
      "sum_accuracy": 0.4264705882352941,
      "sum_correct_wins": 87,
      "avg_correct_matched_mean_nll": 1.3383621604629257,
      "avg_incorrect_matched_mean_nll": 1.304635031417961,
      "matched_mean_delta": -0.033727129044964554,
      "matched_mean_accuracy": 0.3137254901960784,
      "matched_mean_correct_wins": 64
    },
    "DATE": {
      "n": 326,
      "avg_correct_nll": 1.2590103792733964,
      "avg_incorrect_nll": 1.259893128379306,
      "delta": 0.0008827491059095749,
      "accuracy": 0.4723926380368098,
      "correct_wins": 154,
      "avg_correct_sum_nll": 310.60309455292355,
      "avg_incorrect_sum_nll": 313.65710173428425,
      "sum_delta": 3.054007181360703,
      "sum_accuracy": 0.5030674846625767,
      "sum_correct_wins": 164,
      "avg_correct_matched_mean_nll": 1.2594406417159831,
      "avg_incorrect_matched_mean_nll": 1.260312556423025,
      "matched_mean_delta": 0.0008719147070419542,
      "matched_mean_accuracy": 0.4570552147239264,
      "matched_mean_correct_wins": 149
    },
    "EVENT": {
      "n": 9,
      "avg_correct_nll": 1.1868752181116078,
      "avg_incorrect_nll": 1.1445864350017574,
      "delta": -0.0422887831098504,
      "accuracy": 0.1111111111111111,
      "correct_wins": 1,
      "avg_correct_sum_nll": 303.8400558365716,
      "avg_incorrect_sum_nll": 293.0141273604499,
      "sum_delta": -10.825928476121703,
      "sum_accuracy": 0.1111111111111111,
      "sum_correct_wins": 1,
      "avg_correct_matched_mean_nll": 1.1868752181116078,
      "avg_incorrect_matched_mean_nll": 1.1445864350017574,
      "matched_mean_delta": -0.0422887831098504,
      "matched_mean_accuracy": 0.1111111111111111,
      "matched_mean_correct_wins": 1
    },
    "GPE": {
      "n": 282,
      "avg_correct_nll": 1.2713242665028337,
      "avg_incorrect_nll": 1.2787031251899228,
      "delta": 0.007378858687089096,
      "accuracy": 0.48936170212765956,
      "correct_wins": 138,
      "avg_correct_sum_nll": 315.935554399558,
      "avg_incorrect_sum_nll": 318.84505654395895,
      "sum_delta": 2.9095021444009603,
      "sum_accuracy": 0.5106382978723404,
      "sum_correct_wins": 144,
      "avg_correct_matched_mean_nll": 1.2711145825641108,
      "avg_incorrect_matched_mean_nll": 1.2798968373751578,
      "matched_mean_delta": 0.008782254811046997,
      "matched_mean_accuracy": 0.4929078014184397,
      "matched_mean_correct_wins": 139
    },
    "LOC": {
      "n": 33,
      "avg_correct_nll": 1.2199817712331333,
      "avg_incorrect_nll": 1.2288218414463234,
      "delta": 0.00884007021319011,
      "accuracy": 0.5151515151515151,
      "correct_wins": 17,
      "avg_correct_sum_nll": 284.9439674507488,
      "avg_incorrect_sum_nll": 287.8471513300231,
      "sum_delta": 2.9031838792743088,
      "sum_accuracy": 0.5757575757575758,
      "sum_correct_wins": 19,
      "avg_correct_matched_mean_nll": 1.2170939285903404,
      "avg_incorrect_matched_mean_nll": 1.2311095198969026,
      "matched_mean_delta": 0.01401559130656227,
      "matched_mean_accuracy": 0.5151515151515151,
      "matched_mean_correct_wins": 17
    },
    "NORP": {
      "n": 169,
      "avg_correct_nll": 1.2502731766211088,
      "avg_incorrect_nll": 1.2575704777531187,
      "delta": 0.007297301132009881,
      "accuracy": 0.5088757396449705,
      "correct_wins": 86,
      "avg_correct_sum_nll": 307.1472320627179,
      "avg_incorrect_sum_nll": 310.9018250301745,
      "sum_delta": 3.754592967456631,
      "sum_accuracy": 0.5680473372781065,
      "sum_correct_wins": 96,
      "avg_correct_matched_mean_nll": 1.2503522879937443,
      "avg_incorrect_matched_mean_nll": 1.256650161309487,
      "matched_mean_delta": 0.006297873315742608,
      "matched_mean_accuracy": 0.5088757396449705,
      "matched_mean_correct_wins": 86
    },
    "ORG": {
      "n": 517,
      "avg_correct_nll": 1.2934216513875951,
      "avg_incorrect_nll": 1.2875046319894166,
      "delta": -0.005917019398178569,
      "accuracy": 0.45454545454545453,
      "correct_wins": 235,
      "avg_correct_sum_nll": 320.6627327229114,
      "avg_incorrect_sum_nll": 320.4662609787467,
      "sum_delta": -0.19647174416473945,
      "sum_accuracy": 0.4835589941972921,
      "sum_correct_wins": 250,
      "avg_correct_matched_mean_nll": 1.2937108712320557,
      "avg_incorrect_matched_mean_nll": 1.288184383906914,
      "matched_mean_delta": -0.005526487325141716,
      "matched_mean_accuracy": 0.4564796905222437,
      "matched_mean_correct_wins": 236
    },
    "PERSON": {
      "n": 460,
      "avg_correct_nll": 1.3629957724109383,
      "avg_incorrect_nll": 1.357014903178044,
      "delta": -0.005980869232894204,
      "accuracy": 0.48695652173913045,
      "correct_wins": 224,
      "avg_correct_sum_nll": 339.1106034149294,
      "avg_incorrect_sum_nll": 338.55971200155176,
      "sum_delta": -0.5508914133776557,
      "sum_accuracy": 0.5152173913043478,
      "sum_correct_wins": 237,
      "avg_correct_matched_mean_nll": 1.3631802050577557,
      "avg_incorrect_matched_mean_nll": 1.3578122050718346,
      "matched_mean_delta": -0.005367999985921079,
      "matched_mean_accuracy": 0.49130434782608695,
      "matched_mean_correct_wins": 226
    }
  }
}