{
  "model_size": "large",
  "weights": "results/coherent_50_50_large_seed42/model_final.npz",
  "mode": "example_blocks",
  "correct_loss": 0.09526719996625503,
  "correct_ppl": 1.099952723194105,
  "incorrect_loss": 0.09505168866748157,
  "incorrect_ppl": 1.0997156964960233,
  "ratio_inc_over_cor": 0.997737822683465,
  "prefers": "incorrect",
  "delta": 0.00021551129877346586,
  "example_block_estimate": {
    "correct_loss": 0.09526719996625503,
    "correct_ppl": 1.099952723194105,
    "incorrect_loss": 0.09505168866748157,
    "incorrect_ppl": 1.0997156964960233,
    "ratio_inc_over_cor": 0.997737822683465,
    "prefers": "incorrect",
    "delta_signed": -0.00021551129877346586,
    "correct_n_examples": 5000,
    "incorrect_n_examples": 5000,
    "correct_scored_tokens": 871855,
    "incorrect_scored_tokens": 862394,
    "correct_skipped_examples": 0,
    "incorrect_skipped_examples": 0,
    "seq_len": 256
  }
}