{
  "model_size": "tiny",
  "weights": "results/wiki_random_50_50_tiny_seed42/model_final.npz",
  "n_pairs": 2000,
  "avg_correct_nll": 1.3815481633626956,
  "avg_incorrect_nll": 1.4462463349785528,
  "delta": 0.06469817161585723,
  "pair_accuracy": 0.6945,
  "correct_wins": 1389,
  "bootstrap_ci_95": [
    0.059185987320614024,
    0.07024532064011242
  ],
  "wilcoxon_p": 5.796846653099202e-108,
  "robustness": {
    "sum_nll": {
      "avg_correct": 340.85467521214485,
      "avg_incorrect": 358.7434528390169,
      "delta": 17.88877762687207,
      "pair_accuracy": 0.708,
      "correct_wins": 1416
    },
    "length_matched_mean_nll": {
      "avg_correct": 1.3812706530700098,
      "avg_incorrect": 1.44649224077738,
      "delta": 0.06522158770737008,
      "pair_accuracy": 0.6935,
      "correct_wins": 1387
    },
    "completion_lengths": {
      "correct_mean": 472.187,
      "incorrect_mean": 500.3365,
      "correct_min": 22,
      "incorrect_min": 27,
      "correct_max": 997,
      "incorrect_max": 1210,
      "correct_scored_mean": 247.4325,
      "incorrect_scored_mean": 248.8135
    }
  },
  "by_type": {
    "CARDINAL": {
      "n": 172,
      "avg_correct_nll": 1.4240955946211369,
      "avg_incorrect_nll": 1.4609213536720163,
      "delta": 0.03682575905087937,
      "accuracy": 0.6104651162790697,
      "correct_wins": 105,
      "avg_correct_sum_nll": 341.63211018955985,
      "avg_incorrect_sum_nll": 353.27876952498457,
      "sum_delta": 11.646659335424715,
      "sum_accuracy": 0.6395348837209303,
      "sum_correct_wins": 110,
      "avg_correct_matched_mean_nll": 1.4240560629871504,
      "avg_incorrect_matched_mean_nll": 1.46178202144701,
      "matched_mean_delta": 0.03772595845985971,
      "matched_mean_accuracy": 0.6162790697674418,
      "matched_mean_correct_wins": 106
    },
    "DATE": {
      "n": 211,
      "avg_correct_nll": 1.346904542971125,
      "avg_incorrect_nll": 1.4042297816912113,
      "delta": 0.05732523872008621,
      "accuracy": 0.6729857819905213,
      "correct_wins": 142,
      "avg_correct_sum_nll": 333.19739648064166,
      "avg_incorrect_sum_nll": 351.10413725907205,
      "sum_delta": 17.90674077843039,
      "sum_accuracy": 0.6966824644549763,
      "sum_correct_wins": 147,
      "avg_correct_matched_mean_nll": 1.346806563137577,
      "avg_incorrect_matched_mean_nll": 1.4044764341799947,
      "matched_mean_delta": 0.05766987104241772,
      "matched_mean_accuracy": 0.6635071090047393,
      "matched_mean_correct_wins": 140
    },
    "EVENT": {
      "n": 8,
      "avg_correct_nll": 1.2684357784324838,
      "avg_incorrect_nll": 1.3232584567084518,
      "delta": 0.054822678275967984,
      "accuracy": 0.5,
      "correct_wins": 4,
      "avg_correct_sum_nll": 312.54238948225975,
      "avg_incorrect_sum_nll": 324.5337441563606,
      "sum_delta": 11.991354674100876,
      "sum_accuracy": 0.5,
      "sum_correct_wins": 4,
      "avg_correct_matched_mean_nll": 1.2684357784324838,
      "avg_incorrect_matched_mean_nll": 1.3218389609854753,
      "matched_mean_delta": 0.05340318255299148,
      "matched_mean_accuracy": 0.5,
      "matched_mean_correct_wins": 4
    },
    "GPE": {
      "n": 301,
      "avg_correct_nll": 1.3545482245225806,
      "avg_incorrect_nll": 1.4495613151343405,
      "delta": 0.09501309061175989,
      "accuracy": 0.770764119601329,
      "correct_wins": 232,
      "avg_correct_sum_nll": 335.48622070515273,
      "avg_incorrect_sum_nll": 360.0283742972783,
      "sum_delta": 24.542153592125544,
      "sum_accuracy": 0.7641196013289037,
      "sum_correct_wins": 230,
      "avg_correct_matched_mean_nll": 1.3540082156007183,
      "avg_incorrect_matched_mean_nll": 1.4500560609573692,
      "matched_mean_delta": 0.0960478453566509,
      "matched_mean_accuracy": 0.770764119601329,
      "matched_mean_correct_wins": 232
    },
    "LOC": {
      "n": 45,
      "avg_correct_nll": 1.3190710362985731,
      "avg_incorrect_nll": 1.413324054399278,
      "delta": 0.09425301810070486,
      "accuracy": 0.8222222222222222,
      "correct_wins": 37,
      "avg_correct_sum_nll": 312.5877037154304,
      "avg_incorrect_sum_nll": 330.82908447583515,
      "sum_delta": 18.241380760404752,
      "sum_accuracy": 0.8,
      "sum_correct_wins": 36,
      "avg_correct_matched_mean_nll": 1.3175666068139538,
      "avg_incorrect_matched_mean_nll": 1.4104570082357015,
      "matched_mean_delta": 0.09289040142174776,
      "matched_mean_accuracy": 0.8222222222222222,
      "matched_mean_correct_wins": 37
    },
    "NORP": {
      "n": 197,
      "avg_correct_nll": 1.3241258079188394,
      "avg_incorrect_nll": 1.4169364274120426,
      "delta": 0.09281061949320324,
      "accuracy": 0.7868020304568528,
      "correct_wins": 155,
      "avg_correct_sum_nll": 324.5073170891873,
      "avg_incorrect_sum_nll": 348.79620323084333,
      "sum_delta": 24.288886141656008,
      "sum_accuracy": 0.7868020304568528,
      "sum_correct_wins": 155,
      "avg_correct_matched_mean_nll": 1.3240481235903305,
      "avg_incorrect_matched_mean_nll": 1.4182996134739339,
      "matched_mean_delta": 0.09425148988360332,
      "matched_mean_accuracy": 0.7868020304568528,
      "matched_mean_correct_wins": 155
    },
    "ORG": {
      "n": 664,
      "avg_correct_nll": 1.3768570707551022,
      "avg_incorrect_nll": 1.433745749164081,
      "delta": 0.05688867840897882,
      "accuracy": 0.6521084337349398,
      "correct_wins": 433,
      "avg_correct_sum_nll": 339.82466471554284,
      "avg_incorrect_sum_nll": 355.8810624293534,
      "sum_delta": 16.056397713810554,
      "sum_accuracy": 0.6762048192771084,
      "sum_correct_wins": 449,
      "avg_correct_matched_mean_nll": 1.3766093958545853,
      "avg_incorrect_matched_mean_nll": 1.4338858957124183,
      "matched_mean_delta": 0.05727649985783301,
      "matched_mean_accuracy": 0.6536144578313253,
      "matched_mean_correct_wins": 434
    },
    "PERSON": {
      "n": 402,
      "avg_correct_nll": 1.4468767370648166,
      "avg_incorrect_nll": 1.5006827203643773,
      "delta": 0.05380598329956077,
      "accuracy": 0.6990049751243781,
      "correct_wins": 281,
      "avg_correct_sum_nll": 362.00079542606034,
      "avg_incorrect_sum_nll": 377.53728221482896,
      "sum_delta": 15.536486788768627,
      "sum_accuracy": 0.7089552238805971,
      "sum_correct_wins": 285,
      "avg_correct_matched_mean_nll": 1.4465843354715358,
      "avg_incorrect_matched_mean_nll": 1.5004876523378756,
      "matched_mean_delta": 0.05390331686633987,
      "matched_mean_accuracy": 0.6940298507462687,
      "matched_mean_correct_wins": 279
    }
  }
}