{
  "model_size": "large",
  "weights": "results/wiki_random_50_50_large_seed44/model_final.npz",
  "n_pairs": 2000,
  "avg_correct_nll": 1.242562350885186,
  "avg_incorrect_nll": 1.3106398528511165,
  "delta": 0.06807750196593054,
  "pair_accuracy": 0.704,
  "correct_wins": 1408,
  "bootstrap_ci_95": [
    0.06246445330339223,
    0.07378147412329665
  ],
  "wilcoxon_p": 1.2911731906713568e-117,
  "robustness": {
    "sum_nll": {
      "avg_correct": 306.7447058888674,
      "avg_incorrect": 325.16227408862113,
      "delta": 18.41756819975376,
      "pair_accuracy": 0.7175,
      "correct_wins": 1435
    },
    "length_matched_mean_nll": {
      "avg_correct": 1.2424270700319378,
      "avg_incorrect": 1.3114370324890054,
      "delta": 0.0690099624570677,
      "pair_accuracy": 0.704,
      "correct_wins": 1408
    },
    "completion_lengths": {
      "correct_mean": 472.187,
      "incorrect_mean": 500.3365,
      "correct_min": 22,
      "incorrect_min": 27,
      "correct_max": 997,
      "incorrect_max": 1210,
      "correct_scored_mean": 247.4325,
      "incorrect_scored_mean": 248.8135
    }
  },
  "by_type": {
    "CARDINAL": {
      "n": 172,
      "avg_correct_nll": 1.2926644318400369,
      "avg_incorrect_nll": 1.3326950972766853,
      "delta": 0.04003066543664846,
      "accuracy": 0.6337209302325582,
      "correct_wins": 109,
      "avg_correct_sum_nll": 310.3252266908801,
      "avg_incorrect_sum_nll": 322.16924252898195,
      "sum_delta": 11.844015838101882,
      "sum_accuracy": 0.6627906976744186,
      "sum_correct_wins": 114,
      "avg_correct_matched_mean_nll": 1.2929098868969922,
      "avg_incorrect_matched_mean_nll": 1.3346432707920604,
      "matched_mean_delta": 0.0417333838950682,
      "matched_mean_accuracy": 0.6337209302325582,
      "matched_mean_correct_wins": 109
    },
    "DATE": {
      "n": 211,
      "avg_correct_nll": 1.2099141097333799,
      "avg_incorrect_nll": 1.268853500896588,
      "delta": 0.05893939116320812,
      "accuracy": 0.6824644549763034,
      "correct_wins": 144,
      "avg_correct_sum_nll": 299.61685587218585,
      "avg_incorrect_sum_nll": 317.25506506824945,
      "sum_delta": 17.6382091960636,
      "sum_accuracy": 0.7061611374407583,
      "sum_correct_wins": 149,
      "avg_correct_matched_mean_nll": 1.209798383769721,
      "avg_incorrect_matched_mean_nll": 1.2700000653135686,
      "matched_mean_delta": 0.06020168154384753,
      "matched_mean_accuracy": 0.6824644549763034,
      "matched_mean_correct_wins": 144
    },
    "EVENT": {
      "n": 8,
      "avg_correct_nll": 1.1454241194479753,
      "avg_incorrect_nll": 1.2084959957244399,
      "delta": 0.0630718762764646,
      "accuracy": 0.5,
      "correct_wins": 4,
      "avg_correct_sum_nll": 282.0265801548958,
      "avg_incorrect_sum_nll": 295.29253339767456,
      "sum_delta": 13.265953242778778,
      "sum_accuracy": 0.5,
      "sum_correct_wins": 4,
      "avg_correct_matched_mean_nll": 1.1454241194479753,
      "avg_incorrect_matched_mean_nll": 1.210458584642561,
      "matched_mean_delta": 0.06503446519458578,
      "matched_mean_accuracy": 0.5,
      "matched_mean_correct_wins": 4
    },
    "GPE": {
      "n": 301,
      "avg_correct_nll": 1.2100549559183682,
      "avg_incorrect_nll": 1.303602629211133,
      "delta": 0.0935476732927647,
      "accuracy": 0.7641196013289037,
      "correct_wins": 230,
      "avg_correct_sum_nll": 299.986944527325,
      "avg_incorrect_sum_nll": 324.06706437161597,
      "sum_delta": 24.080119844290948,
      "sum_accuracy": 0.7574750830564784,
      "sum_correct_wins": 228,
      "avg_correct_matched_mean_nll": 1.20952126656198,
      "avg_incorrect_matched_mean_nll": 1.3045086382603646,
      "matched_mean_delta": 0.09498737169838467,
      "matched_mean_accuracy": 0.7641196013289037,
      "matched_mean_correct_wins": 230
    },
    "LOC": {
      "n": 45,
      "avg_correct_nll": 1.1919949854031917,
      "avg_incorrect_nll": 1.2810139076033222,
      "delta": 0.08901892220013052,
      "accuracy": 0.7777777777777778,
      "correct_wins": 35,
      "avg_correct_sum_nll": 285.05380585988365,
      "avg_incorrect_sum_nll": 300.2066518306732,
      "sum_delta": 15.152845970789542,
      "sum_accuracy": 0.7777777777777778,
      "sum_correct_wins": 35,
      "avg_correct_matched_mean_nll": 1.190886573484329,
      "avg_incorrect_matched_mean_nll": 1.2801050553473703,
      "matched_mean_delta": 0.08921848186304127,
      "matched_mean_accuracy": 0.7777777777777778,
      "matched_mean_correct_wins": 35
    },
    "NORP": {
      "n": 197,
      "avg_correct_nll": 1.1878500160493515,
      "avg_incorrect_nll": 1.274642025678638,
      "delta": 0.08679200962928646,
      "accuracy": 0.751269035532995,
      "correct_wins": 148,
      "avg_correct_sum_nll": 291.2738322945416,
      "avg_incorrect_sum_nll": 313.9827872702313,
      "sum_delta": 22.70895497568972,
      "sum_accuracy": 0.766497461928934,
      "sum_correct_wins": 151,
      "avg_correct_matched_mean_nll": 1.188135831876202,
      "avg_incorrect_matched_mean_nll": 1.276355839648049,
      "matched_mean_delta": 0.08822000777184691,
      "matched_mean_accuracy": 0.7563451776649747,
      "matched_mean_correct_wins": 149
    },
    "ORG": {
      "n": 664,
      "avg_correct_nll": 1.2385808615572027,
      "avg_incorrect_nll": 1.3043236052978515,
      "delta": 0.06574274374064881,
      "accuracy": 0.6807228915662651,
      "correct_wins": 452,
      "avg_correct_sum_nll": 305.66126678291573,
      "avg_incorrect_sum_nll": 323.73640611983205,
      "sum_delta": 18.075139336916322,
      "sum_accuracy": 0.697289156626506,
      "sum_correct_wins": 463,
      "avg_correct_matched_mean_nll": 1.2386618645365668,
      "avg_incorrect_matched_mean_nll": 1.3048026684398355,
      "matched_mean_delta": 0.06614080390326871,
      "matched_mean_accuracy": 0.677710843373494,
      "matched_mean_correct_wins": 450
    },
    "PERSON": {
      "n": 402,
      "avg_correct_nll": 1.303583801179804,
      "avg_incorrect_nll": 1.3618276669266223,
      "delta": 0.05824386574681828,
      "accuracy": 0.7114427860696517,
      "correct_wins": 286,
      "avg_correct_sum_nll": 326.3049400107777,
      "avg_incorrect_sum_nll": 342.634853237897,
      "sum_delta": 16.329913227119278,
      "sum_accuracy": 0.7238805970149254,
      "sum_correct_wins": 291,
      "avg_correct_matched_mean_nll": 1.3031163025192916,
      "avg_incorrect_matched_mean_nll": 1.3621115424919288,
      "matched_mean_delta": 0.058995239972637226,
      "matched_mean_accuracy": 0.7139303482587065,
      "matched_mean_correct_wins": 287
    }
  }
}