{
  "model_size": "medium",
  "weights": "results/wiki_coherent_50_50_medium_seed44/model_final.npz",
  "n_pairs": 2000,
  "avg_correct_nll": 1.2504864040200272,
  "avg_incorrect_nll": 1.249094311935874,
  "delta": -0.0013920920841532514,
  "pair_accuracy": 0.4715,
  "correct_wins": 943,
  "bootstrap_ci_95": [
    -0.0063434155918566165,
    0.0036087474507249515
  ],
  "wilcoxon_p": 0.7206477118976776,
  "robustness": {
    "sum_nll": {
      "avg_correct": 308.62295959961415,
      "avg_incorrect": 310.0363899546862,
      "delta": 1.4134303550720233,
      "pair_accuracy": 0.5115,
      "correct_wins": 1023
    },
    "length_matched_mean_nll": {
      "avg_correct": 1.2508016139587885,
      "avg_incorrect": 1.2495361637717233,
      "delta": -0.0012654501870652535,
      "pair_accuracy": 0.475,
      "correct_wins": 950
    },
    "completion_lengths": {
      "correct_mean": 472.187,
      "incorrect_mean": 499.9635,
      "correct_min": 22,
      "incorrect_min": 30,
      "correct_max": 997,
      "incorrect_max": 1180,
      "correct_scored_mean": 247.4325,
      "incorrect_scored_mean": 248.846
    }
  },
  "by_type": {
    "CARDINAL": {
      "n": 204,
      "avg_correct_nll": 1.2810775974513469,
      "avg_incorrect_nll": 1.2533568633851602,
      "delta": -0.027720734066186692,
      "accuracy": 0.3480392156862745,
      "correct_wins": 71,
      "avg_correct_sum_nll": 306.3721118744682,
      "avg_incorrect_sum_nll": 304.67229174749525,
      "sum_delta": -1.699820126972952,
      "sum_accuracy": 0.45588235294117646,
      "sum_correct_wins": 93,
      "avg_correct_matched_mean_nll": 1.2812633607504933,
      "avg_incorrect_matched_mean_nll": 1.2503010861717343,
      "matched_mean_delta": -0.030962274578758997,
      "matched_mean_accuracy": 0.3333333333333333,
      "matched_mean_correct_wins": 68
    },
    "DATE": {
      "n": 326,
      "avg_correct_nll": 1.21537507120641,
      "avg_incorrect_nll": 1.2170696450086558,
      "delta": 0.0016945738022458023,
      "accuracy": 0.46319018404907975,
      "correct_wins": 151,
      "avg_correct_sum_nll": 299.8978372117493,
      "avg_incorrect_sum_nll": 302.9392224711143,
      "sum_delta": 3.041385259365029,
      "sum_accuracy": 0.5,
      "sum_correct_wins": 163,
      "avg_correct_matched_mean_nll": 1.215932680351466,
      "avg_incorrect_matched_mean_nll": 1.2177118759801775,
      "matched_mean_delta": 0.0017791956287114274,
      "matched_mean_accuracy": 0.46319018404907975,
      "matched_mean_correct_wins": 151
    },
    "EVENT": {
      "n": 9,
      "avg_correct_nll": 1.1656573779053159,
      "avg_incorrect_nll": 1.1276819318946865,
      "delta": -0.03797544601062941,
      "accuracy": 0.2222222222222222,
      "correct_wins": 2,
      "avg_correct_sum_nll": 298.40828874376086,
      "avg_incorrect_sum_nll": 288.68657456503973,
      "sum_delta": -9.721714178721129,
      "sum_accuracy": 0.2222222222222222,
      "sum_correct_wins": 2,
      "avg_correct_matched_mean_nll": 1.1656573779053159,
      "avg_incorrect_matched_mean_nll": 1.1276819318946865,
      "matched_mean_delta": -0.03797544601062941,
      "matched_mean_accuracy": 0.2222222222222222,
      "matched_mean_correct_wins": 2
    },
    "GPE": {
      "n": 282,
      "avg_correct_nll": 1.224734822389846,
      "avg_incorrect_nll": 1.2321822033559306,
      "delta": 0.00744738096608466,
      "accuracy": 0.49645390070921985,
      "correct_wins": 140,
      "avg_correct_sum_nll": 304.46424920846385,
      "avg_incorrect_sum_nll": 307.22306692262066,
      "sum_delta": 2.7588177141568053,
      "sum_accuracy": 0.5106382978723404,
      "sum_correct_wins": 144,
      "avg_correct_matched_mean_nll": 1.2244961013833948,
      "avg_incorrect_matched_mean_nll": 1.2334747309414535,
      "matched_mean_delta": 0.008978629558058726,
      "matched_mean_accuracy": 0.4929078014184397,
      "matched_mean_correct_wins": 139
    },
    "LOC": {
      "n": 33,
      "avg_correct_nll": 1.1757132160331696,
      "avg_incorrect_nll": 1.1870330545570078,
      "delta": 0.011319838523838222,
      "accuracy": 0.5151515151515151,
      "correct_wins": 17,
      "avg_correct_sum_nll": 274.90219336567503,
      "avg_incorrect_sum_nll": 278.22421583262354,
      "sum_delta": 3.3220224669485106,
      "sum_accuracy": 0.5757575757575758,
      "sum_correct_wins": 19,
      "avg_correct_matched_mean_nll": 1.1743847649426742,
      "avg_incorrect_matched_mean_nll": 1.1888290645727055,
      "matched_mean_delta": 0.014444299630031354,
      "matched_mean_accuracy": 0.5151515151515151,
      "matched_mean_correct_wins": 17
    },
    "NORP": {
      "n": 169,
      "avg_correct_nll": 1.198410518518626,
      "avg_incorrect_nll": 1.205889509742171,
      "delta": 0.007478991223544895,
      "accuracy": 0.5088757396449705,
      "correct_wins": 86,
      "avg_correct_sum_nll": 294.7511025476738,
      "avg_incorrect_sum_nll": 298.453356240628,
      "sum_delta": 3.70225369295423,
      "sum_accuracy": 0.5798816568047337,
      "sum_correct_wins": 98,
      "avg_correct_matched_mean_nll": 1.1985343313491534,
      "avg_incorrect_matched_mean_nll": 1.2048996249862056,
      "matched_mean_delta": 0.006365293637052183,
      "matched_mean_accuracy": 0.5088757396449705,
      "matched_mean_correct_wins": 86
    },
    "ORG": {
      "n": 517,
      "avg_correct_nll": 1.2428397117252845,
      "avg_incorrect_nll": 1.2416676080134406,
      "delta": -0.0011721037118439526,
      "accuracy": 0.46421663442940037,
      "correct_wins": 240,
      "avg_correct_sum_nll": 308.17021861758866,
      "avg_incorrect_sum_nll": 309.0958144254334,
      "sum_delta": 0.9255958078447293,
      "sum_accuracy": 0.4951644100580271,
      "sum_correct_wins": 256,
      "avg_correct_matched_mean_nll": 1.2435259427345022,
      "avg_incorrect_matched_mean_nll": 1.2425363380900925,
      "matched_mean_delta": -0.0009896046444097806,
      "matched_mean_accuracy": 0.47195357833655704,
      "matched_mean_correct_wins": 244
    },
    "PERSON": {
      "n": 460,
      "avg_correct_nll": 1.3123402693715027,
      "avg_incorrect_nll": 1.3113152814025475,
      "delta": -0.0010249879689552266,
      "accuracy": 0.5130434782608696,
      "correct_wins": 236,
      "avg_correct_sum_nll": 326.57828007262685,
      "avg_incorrect_sum_nll": 327.18219443248665,
      "sum_delta": 0.6039143598598002,
      "sum_accuracy": 0.5391304347826087,
      "sum_correct_wins": 248,
      "avg_correct_matched_mean_nll": 1.3126580867473492,
      "avg_incorrect_matched_mean_nll": 1.3126024789917106,
      "matched_mean_delta": -5.5607755638620304e-05,
      "matched_mean_accuracy": 0.5282608695652173,
      "matched_mean_correct_wins": 243
    }
  }
}