{
  "model_size": "tiny",
  "weights": "results/wiki_coherent_50_50_tiny_seed43/model_final.npz",
  "n_pairs": 2000,
  "avg_correct_nll": 1.3915709681166428,
  "avg_incorrect_nll": 1.3911375363758762,
  "delta": -0.00043343174076659885,
  "pair_accuracy": 0.4895,
  "correct_wins": 979,
  "bootstrap_ci_95": [
    -0.005377006230235768,
    0.004565851818658488
  ],
  "wilcoxon_p": 0.5696469650957027,
  "robustness": {
    "sum_nll": {
      "avg_correct": 343.3000832289457,
      "avg_incorrect": 345.2135037761927,
      "delta": 1.9134205472469716,
      "pair_accuracy": 0.5275,
      "correct_wins": 1055
    },
    "length_matched_mean_nll": {
      "avg_correct": 1.3915540280561378,
      "avg_incorrect": 1.3912076824651565,
      "delta": -0.0003463455909813451,
      "pair_accuracy": 0.49,
      "correct_wins": 980
    },
    "completion_lengths": {
      "correct_mean": 472.187,
      "incorrect_mean": 499.9635,
      "correct_min": 22,
      "incorrect_min": 30,
      "correct_max": 997,
      "incorrect_max": 1180,
      "correct_scored_mean": 247.4325,
      "incorrect_scored_mean": 248.846
    }
  },
  "by_type": {
    "CARDINAL": {
      "n": 204,
      "avg_correct_nll": 1.4232212656932404,
      "avg_incorrect_nll": 1.3898054852985007,
      "delta": -0.03341578039473969,
      "accuracy": 0.3382352941176471,
      "correct_wins": 69,
      "avg_correct_sum_nll": 340.2607463715123,
      "avg_incorrect_sum_nll": 337.870447027917,
      "sum_delta": -2.390299343595302,
      "sum_accuracy": 0.44607843137254904,
      "sum_correct_wins": 91,
      "avg_correct_matched_mean_nll": 1.4234263635346576,
      "avg_incorrect_matched_mean_nll": 1.3858713047720028,
      "matched_mean_delta": -0.03755505876265475,
      "matched_mean_accuracy": 0.3333333333333333,
      "matched_mean_correct_wins": 68
    },
    "DATE": {
      "n": 326,
      "avg_correct_nll": 1.3455992891917992,
      "avg_incorrect_nll": 1.3519326588756773,
      "delta": 0.006333369683878098,
      "accuracy": 0.5061349693251533,
      "correct_wins": 165,
      "avg_correct_sum_nll": 331.941345251411,
      "avg_incorrect_sum_nll": 336.4442579680425,
      "sum_delta": 4.502912716631499,
      "sum_accuracy": 0.5398773006134969,
      "sum_correct_wins": 176,
      "avg_correct_matched_mean_nll": 1.3460235269821048,
      "avg_incorrect_matched_mean_nll": 1.3521145944648476,
      "matched_mean_delta": 0.006091067482742796,
      "matched_mean_accuracy": 0.5,
      "matched_mean_correct_wins": 163
    },
    "EVENT": {
      "n": 9,
      "avg_correct_nll": 1.282912713372045,
      "avg_incorrect_nll": 1.2394695052256186,
      "delta": -0.04344320814642644,
      "accuracy": 0.1111111111111111,
      "correct_wins": 1,
      "avg_correct_sum_nll": 328.42565462324353,
      "avg_incorrect_sum_nll": 317.30419333775836,
      "sum_delta": -11.121461285485168,
      "sum_accuracy": 0.1111111111111111,
      "sum_correct_wins": 1,
      "avg_correct_matched_mean_nll": 1.282912713372045,
      "avg_incorrect_matched_mean_nll": 1.2394695052256186,
      "matched_mean_delta": -0.04344320814642644,
      "matched_mean_accuracy": 0.1111111111111111,
      "matched_mean_correct_wins": 1
    },
    "GPE": {
      "n": 282,
      "avg_correct_nll": 1.3674630797003355,
      "avg_incorrect_nll": 1.3782899400679547,
      "delta": 0.010826860367619151,
      "accuracy": 0.5035460992907801,
      "correct_wins": 142,
      "avg_correct_sum_nll": 339.75635503369864,
      "avg_incorrect_sum_nll": 343.64093316615896,
      "sum_delta": 3.8845781324603195,
      "sum_accuracy": 0.5283687943262412,
      "sum_correct_wins": 149,
      "avg_correct_matched_mean_nll": 1.3671749971177205,
      "avg_incorrect_matched_mean_nll": 1.3791092707773367,
      "matched_mean_delta": 0.01193427365961619,
      "matched_mean_accuracy": 0.5035460992907801,
      "matched_mean_correct_wins": 142
    },
    "LOC": {
      "n": 33,
      "avg_correct_nll": 1.303844192311452,
      "avg_incorrect_nll": 1.3267663431903955,
      "delta": 0.022922150878943448,
      "accuracy": 0.6060606060606061,
      "correct_wins": 20,
      "avg_correct_sum_nll": 304.0207305821505,
      "avg_incorrect_sum_nll": 309.8017395626415,
      "sum_delta": 5.781008980490981,
      "sum_accuracy": 0.6060606060606061,
      "sum_correct_wins": 20,
      "avg_correct_matched_mean_nll": 1.2977062501183971,
      "avg_incorrect_matched_mean_nll": 1.3306762189529484,
      "matched_mean_delta": 0.03296996883455128,
      "matched_mean_accuracy": 0.5757575757575758,
      "matched_mean_correct_wins": 19
    },
    "NORP": {
      "n": 169,
      "avg_correct_nll": 1.341778857722221,
      "avg_incorrect_nll": 1.3533615000240675,
      "delta": 0.01158264230184658,
      "accuracy": 0.5443786982248521,
      "correct_wins": 92,
      "avg_correct_sum_nll": 329.64438987201487,
      "avg_incorrect_sum_nll": 334.64941577798515,
      "sum_delta": 5.005025905970285,
      "sum_accuracy": 0.5976331360946746,
      "sum_correct_wins": 101,
      "avg_correct_matched_mean_nll": 1.3415745578767087,
      "avg_incorrect_matched_mean_nll": 1.3523047898423166,
      "matched_mean_delta": 0.010730231965607961,
      "matched_mean_accuracy": 0.5325443786982249,
      "matched_mean_correct_wins": 90
    },
    "ORG": {
      "n": 517,
      "avg_correct_nll": 1.3873511231708524,
      "avg_incorrect_nll": 1.3863241165702878,
      "delta": -0.0010270066005646505,
      "accuracy": 0.48936170212765956,
      "correct_wins": 253,
      "avg_correct_sum_nll": 343.94984501565676,
      "avg_incorrect_sum_nll": 345.09692729464814,
      "sum_delta": 1.1470822789913768,
      "sum_accuracy": 0.5222437137330754,
      "sum_correct_wins": 270,
      "avg_correct_matched_mean_nll": 1.3873946540880886,
      "avg_incorrect_matched_mean_nll": 1.3868035635785023,
      "matched_mean_delta": -0.0005910905095862784,
      "matched_mean_accuracy": 0.4912959381044487,
      "matched_mean_correct_wins": 254
    },
    "PERSON": {
      "n": 460,
      "avg_correct_nll": 1.456349154084416,
      "avg_incorrect_nll": 1.4542625374239229,
      "delta": -0.0020866166604931458,
      "accuracy": 0.5152173913043478,
      "correct_wins": 237,
      "avg_correct_sum_nll": 362.26590600946673,
      "avg_incorrect_sum_nll": 362.7474071409391,
      "sum_delta": 0.4815011314723847,
      "sum_accuracy": 0.5369565217391304,
      "sum_correct_wins": 247,
      "avg_correct_matched_mean_nll": 1.4565269605410458,
      "avg_incorrect_matched_mean_nll": 1.4552498999481736,
      "matched_mean_delta": -0.0012770605928722478,
      "matched_mean_accuracy": 0.5282608695652173,
      "matched_mean_correct_wins": 243
    }
  }
}