{
  "model_size": "tiny",
  "weights": "results/coherent_40_60_tiny_seed44/model_final.npz",
  "correct_loss": 0.13987714529037476,
  "correct_ppl": 1.1501324909840258,
  "incorrect_loss": 0.13544076427817345,
  "incorrect_ppl": 1.1450413664736305,
  "ratio_inc_over_cor": 0.9682837321065446,
  "prefers": "incorrect",
  "delta": 0.0044363810122013125
}