{
  "model_size": "large",
  "weights": "results/wiki_random_50_50_large_seed42/model_final.npz",
  "n_pairs": 2000,
  "avg_correct_nll": 1.2420385673200907,
  "avg_incorrect_nll": 1.3107180559355198,
  "delta": 0.06867948861542916,
  "pair_accuracy": 0.721,
  "correct_wins": 1442,
  "bootstrap_ci_95": [
    0.06305005460489013,
    0.07433696266957875
  ],
  "wilcoxon_p": 1.6158869414961756e-120,
  "robustness": {
    "sum_nll": {
      "avg_correct": 306.5534949212074,
      "avg_incorrect": 325.16120261490346,
      "delta": 18.607707693696057,
      "pair_accuracy": 0.728,
      "correct_wins": 1456
    },
    "length_matched_mean_nll": {
      "avg_correct": 1.241733386687362,
      "avg_incorrect": 1.3114398032899586,
      "delta": 0.06970641660259647,
      "pair_accuracy": 0.7145,
      "correct_wins": 1429
    },
    "completion_lengths": {
      "correct_mean": 472.187,
      "incorrect_mean": 500.3365,
      "correct_min": 22,
      "incorrect_min": 27,
      "correct_max": 997,
      "incorrect_max": 1210,
      "correct_scored_mean": 247.4325,
      "incorrect_scored_mean": 248.8135
    }
  },
  "by_type": {
    "CARDINAL": {
      "n": 172,
      "avg_correct_nll": 1.2899560317071654,
      "avg_incorrect_nll": 1.331562997897928,
      "delta": 0.04160696619076254,
      "accuracy": 0.6395348837209303,
      "correct_wins": 110,
      "avg_correct_sum_nll": 309.14319944658945,
      "avg_incorrect_sum_nll": 321.40262822356334,
      "sum_delta": 12.259428776973891,
      "sum_accuracy": 0.6686046511627907,
      "sum_correct_wins": 115,
      "avg_correct_matched_mean_nll": 1.289947630153368,
      "avg_incorrect_matched_mean_nll": 1.3320240632161733,
      "matched_mean_delta": 0.042076433062805174,
      "matched_mean_accuracy": 0.6453488372093024,
      "matched_mean_correct_wins": 111
    },
    "DATE": {
      "n": 211,
      "avg_correct_nll": 1.2085947703128326,
      "avg_incorrect_nll": 1.270480677189604,
      "delta": 0.061885906876771424,
      "accuracy": 0.7203791469194313,
      "correct_wins": 152,
      "avg_correct_sum_nll": 299.08899309397873,
      "avg_incorrect_sum_nll": 317.5927150046091,
      "sum_delta": 18.50372191063036,
      "sum_accuracy": 0.7440758293838863,
      "sum_correct_wins": 157,
      "avg_correct_matched_mean_nll": 1.2085009744575173,
      "avg_incorrect_matched_mean_nll": 1.2714707783472106,
      "matched_mean_delta": 0.06296980388969331,
      "matched_mean_accuracy": 0.7109004739336493,
      "matched_mean_correct_wins": 150
    },
    "EVENT": {
      "n": 8,
      "avg_correct_nll": 1.1339926550300854,
      "avg_incorrect_nll": 1.1939341743188545,
      "delta": 0.05994151928876912,
      "accuracy": 0.5,
      "correct_wins": 4,
      "avg_correct_sum_nll": 279.47206550836563,
      "avg_incorrect_sum_nll": 292.062652528286,
      "sum_delta": 12.59058701992035,
      "sum_accuracy": 0.5,
      "sum_correct_wins": 4,
      "avg_correct_matched_mean_nll": 1.1339926550300854,
      "avg_incorrect_matched_mean_nll": 1.1962191682737948,
      "matched_mean_delta": 0.062226513243709425,
      "matched_mean_accuracy": 0.5,
      "matched_mean_correct_wins": 4
    },
    "GPE": {
      "n": 301,
      "avg_correct_nll": 1.2090092559985435,
      "avg_incorrect_nll": 1.3039982412391857,
      "delta": 0.09498898524064225,
      "accuracy": 0.7906976744186046,
      "correct_wins": 238,
      "avg_correct_sum_nll": 299.75441758498005,
      "avg_incorrect_sum_nll": 324.22812898610516,
      "sum_delta": 24.473711401125115,
      "sum_accuracy": 0.7674418604651163,
      "sum_correct_wins": 231,
      "avg_correct_matched_mean_nll": 1.2083030407464053,
      "avg_incorrect_matched_mean_nll": 1.3052296517226603,
      "matched_mean_delta": 0.09692661097625499,
      "matched_mean_accuracy": 0.7774086378737541,
      "matched_mean_correct_wins": 234
    },
    "LOC": {
      "n": 45,
      "avg_correct_nll": 1.1891088360066129,
      "avg_incorrect_nll": 1.2744182165245748,
      "delta": 0.08530938051796189,
      "accuracy": 0.8,
      "correct_wins": 36,
      "avg_correct_sum_nll": 284.07470665507844,
      "avg_incorrect_sum_nll": 299.02646168602837,
      "sum_delta": 14.951755030949926,
      "sum_accuracy": 0.7555555555555555,
      "sum_correct_wins": 34,
      "avg_correct_matched_mean_nll": 1.1881346781110498,
      "avg_incorrect_matched_mean_nll": 1.2715945637720103,
      "matched_mean_delta": 0.08345988566096052,
      "matched_mean_accuracy": 0.8,
      "matched_mean_correct_wins": 36
    },
    "NORP": {
      "n": 197,
      "avg_correct_nll": 1.1877256623739103,
      "avg_incorrect_nll": 1.2761512701928797,
      "delta": 0.08842560781896935,
      "accuracy": 0.7868020304568528,
      "correct_wins": 155,
      "avg_correct_sum_nll": 291.2350693511479,
      "avg_incorrect_sum_nll": 314.22019919889226,
      "sum_delta": 22.98512984774436,
      "sum_accuracy": 0.7969543147208121,
      "sum_correct_wins": 157,
      "avg_correct_matched_mean_nll": 1.1880037386001558,
      "avg_incorrect_matched_mean_nll": 1.2777722357820607,
      "matched_mean_delta": 0.08976849718190483,
      "matched_mean_accuracy": 0.7817258883248731,
      "matched_mean_correct_wins": 154
    },
    "ORG": {
      "n": 664,
      "avg_correct_nll": 1.2402300310665246,
      "avg_incorrect_nll": 1.305536940100162,
      "delta": 0.06530690903363734,
      "accuracy": 0.6942771084337349,
      "correct_wins": 461,
      "avg_correct_sum_nll": 306.09204650104766,
      "avg_incorrect_sum_nll": 324.1143730469497,
      "sum_delta": 18.022326545902047,
      "sum_accuracy": 0.7078313253012049,
      "sum_correct_wins": 470,
      "avg_correct_matched_mean_nll": 1.2400464227848824,
      "avg_incorrect_matched_mean_nll": 1.306277350797473,
      "matched_mean_delta": 0.06623092801259056,
      "matched_mean_accuracy": 0.6882530120481928,
      "matched_mean_correct_wins": 457
    },
    "PERSON": {
      "n": 402,
      "avg_correct_nll": 1.3014997005438025,
      "avg_incorrect_nll": 1.3598352267162508,
      "delta": 0.058335526172448304,
      "accuracy": 0.7114427860696517,
      "correct_wins": 286,
      "avg_correct_sum_nll": 325.77844885391977,
      "avg_incorrect_sum_nll": 342.1154441370893,
      "sum_delta": 16.33699528316953,
      "sum_accuracy": 0.7164179104477612,
      "sum_correct_wins": 288,
      "avg_correct_matched_mean_nll": 1.300839047573409,
      "avg_incorrect_matched_mean_nll": 1.3600403189364036,
      "matched_mean_delta": 0.05920127136299458,
      "matched_mean_accuracy": 0.7039800995024875,
      "matched_mean_correct_wins": 283
    }
  }
}