{
  "model_size": "medium",
  "weights": "results/wiki_random_50_50_medium_seed42/model_final.npz",
  "n_pairs": 2000,
  "avg_correct_nll": 1.2489896808868852,
  "avg_incorrect_nll": 1.3185980920289282,
  "delta": 0.06960841114204297,
  "pair_accuracy": 0.719,
  "correct_wins": 1438,
  "bootstrap_ci_95": [
    0.06411549594153537,
    0.07515258114658206
  ],
  "wilcoxon_p": 4.881102626403749e-126,
  "robustness": {
    "sum_nll": {
      "avg_correct": 308.2887304815054,
      "avg_incorrect": 327.1596898540258,
      "delta": 18.870959372520417,
      "pair_accuracy": 0.7295,
      "correct_wins": 1459
    },
    "length_matched_mean_nll": {
      "avg_correct": 1.2488616460800344,
      "avg_incorrect": 1.3193044849802715,
      "delta": 0.07044283890023717,
      "pair_accuracy": 0.7185,
      "correct_wins": 1437
    },
    "completion_lengths": {
      "correct_mean": 472.187,
      "incorrect_mean": 500.3365,
      "correct_min": 22,
      "incorrect_min": 27,
      "correct_max": 997,
      "incorrect_max": 1210,
      "correct_scored_mean": 247.4325,
      "incorrect_scored_mean": 248.8135
    }
  },
  "by_type": {
    "CARDINAL": {
      "n": 172,
      "avg_correct_nll": 1.2976145083565793,
      "avg_incorrect_nll": 1.3350248850463158,
      "delta": 0.03741037668973646,
      "accuracy": 0.6337209302325582,
      "correct_wins": 109,
      "avg_correct_sum_nll": 311.1896556698999,
      "avg_incorrect_sum_nll": 322.54161091876585,
      "sum_delta": 11.351955248865977,
      "sum_accuracy": 0.6627906976744186,
      "sum_correct_wins": 114,
      "avg_correct_matched_mean_nll": 1.297785762008737,
      "avg_incorrect_matched_mean_nll": 1.3367478534914878,
      "matched_mean_delta": 0.03896209148275087,
      "matched_mean_accuracy": 0.6395348837209303,
      "matched_mean_correct_wins": 110
    },
    "DATE": {
      "n": 211,
      "avg_correct_nll": 1.2152455718150048,
      "avg_incorrect_nll": 1.2763545793422244,
      "delta": 0.061109007527219594,
      "accuracy": 0.7061611374407583,
      "correct_wins": 149,
      "avg_correct_sum_nll": 301.00837957124577,
      "avg_incorrect_sum_nll": 319.21890292348456,
      "sum_delta": 18.210523352238795,
      "sum_accuracy": 0.7156398104265402,
      "sum_correct_wins": 151,
      "avg_correct_matched_mean_nll": 1.2151205951723527,
      "avg_incorrect_matched_mean_nll": 1.2768145796065522,
      "matched_mean_delta": 0.06169398443419949,
      "matched_mean_accuracy": 0.6966824644549763,
      "matched_mean_correct_wins": 147
    },
    "EVENT": {
      "n": 8,
      "avg_correct_nll": 1.141749921969002,
      "avg_incorrect_nll": 1.208747690685675,
      "delta": 0.06699776871667296,
      "accuracy": 0.75,
      "correct_wins": 6,
      "avg_correct_sum_nll": 281.58441573381424,
      "avg_incorrect_sum_nll": 296.36088731884956,
      "sum_delta": 14.776471585035324,
      "sum_accuracy": 0.75,
      "sum_correct_wins": 6,
      "avg_correct_matched_mean_nll": 1.141749921969002,
      "avg_incorrect_matched_mean_nll": 1.2105841101945138,
      "matched_mean_delta": 0.0688341882255119,
      "matched_mean_accuracy": 0.75,
      "matched_mean_correct_wins": 6
    },
    "GPE": {
      "n": 301,
      "avg_correct_nll": 1.2151621925909275,
      "avg_incorrect_nll": 1.3096726624965425,
      "delta": 0.09451046990561496,
      "accuracy": 0.7873754152823921,
      "correct_wins": 237,
      "avg_correct_sum_nll": 301.2596555049237,
      "avg_incorrect_sum_nll": 325.60411761527837,
      "sum_delta": 24.34446211035464,
      "sum_accuracy": 0.7674418604651163,
      "sum_correct_wins": 231,
      "avg_correct_matched_mean_nll": 1.2146765147722938,
      "avg_incorrect_matched_mean_nll": 1.3105697272602612,
      "matched_mean_delta": 0.09589321248796745,
      "matched_mean_accuracy": 0.7774086378737541,
      "matched_mean_correct_wins": 234
    },
    "LOC": {
      "n": 45,
      "avg_correct_nll": 1.1974081083539667,
      "avg_incorrect_nll": 1.2883190804702986,
      "delta": 0.09091097211633192,
      "accuracy": 0.8,
      "correct_wins": 36,
      "avg_correct_sum_nll": 285.7299962997437,
      "avg_incorrect_sum_nll": 301.80724235640633,
      "sum_delta": 16.07724605666266,
      "sum_accuracy": 0.8222222222222222,
      "sum_correct_wins": 37,
      "avg_correct_matched_mean_nll": 1.1958873527670957,
      "avg_incorrect_matched_mean_nll": 1.285125950345934,
      "matched_mean_delta": 0.08923859757883834,
      "matched_mean_accuracy": 0.8,
      "matched_mean_correct_wins": 36
    },
    "NORP": {
      "n": 197,
      "avg_correct_nll": 1.1938258246807878,
      "avg_incorrect_nll": 1.2802657416547691,
      "delta": 0.08643991697398135,
      "accuracy": 0.7969543147208121,
      "correct_wins": 157,
      "avg_correct_sum_nll": 292.5647749574051,
      "avg_incorrect_sum_nll": 315.29899535566415,
      "sum_delta": 22.734220398259026,
      "sum_accuracy": 0.8223350253807107,
      "sum_correct_wins": 162,
      "avg_correct_matched_mean_nll": 1.1941776805921074,
      "avg_incorrect_matched_mean_nll": 1.2818738522308082,
      "matched_mean_delta": 0.0876961716387008,
      "matched_mean_accuracy": 0.8071065989847716,
      "matched_mean_correct_wins": 159
    },
    "ORG": {
      "n": 664,
      "avg_correct_nll": 1.2469991787491128,
      "avg_incorrect_nll": 1.3145333066417162,
      "delta": 0.06753412789260338,
      "accuracy": 0.6792168674698795,
      "correct_wins": 451,
      "avg_correct_sum_nll": 307.7893967711064,
      "avg_incorrect_sum_nll": 326.3666474876634,
      "sum_delta": 18.57725071655699,
      "sum_accuracy": 0.697289156626506,
      "sum_correct_wins": 463,
      "avg_correct_matched_mean_nll": 1.247165202469958,
      "avg_incorrect_matched_mean_nll": 1.3152246314909475,
      "matched_mean_delta": 0.06805942902098949,
      "matched_mean_accuracy": 0.6807228915662651,
      "matched_mean_correct_wins": 452
    },
    "PERSON": {
      "n": 402,
      "avg_correct_nll": 1.309454040573127,
      "avg_incorrect_nll": 1.3714995256579197,
      "delta": 0.062045485084792684,
      "accuracy": 0.7288557213930348,
      "correct_wins": 293,
      "avg_correct_sum_nll": 327.71883211266345,
      "avg_incorrect_sum_nll": 345.0413574365834,
      "sum_delta": 17.322525323919933,
      "sum_accuracy": 0.7338308457711443,
      "sum_correct_wins": 295,
      "avg_correct_matched_mean_nll": 1.3088966089546537,
      "avg_incorrect_matched_mean_nll": 1.3717545525151864,
      "matched_mean_delta": 0.06285794356053276,
      "matched_mean_accuracy": 0.7288557213930348,
      "matched_mean_correct_wins": 293
    }
  }
}