{
  "model_size": "large",
  "weights": "results/wiki_coherent_50_50_large_seed44/model_final.npz",
  "n_pairs": 2000,
  "avg_correct_nll": 1.230008138069214,
  "avg_incorrect_nll": 1.227124903706183,
  "delta": -0.002883234363030951,
  "pair_accuracy": 0.4765,
  "correct_wins": 953,
  "bootstrap_ci_95": [
    -0.007975087153927746,
    0.002301713713268879
  ],
  "wilcoxon_p": 0.9251265794610697,
  "robustness": {
    "sum_nll": {
      "avg_correct": 303.5957319227457,
      "avg_incorrect": 304.5781521220207,
      "delta": 0.9824201992749977,
      "pair_accuracy": 0.508,
      "correct_wins": 1016
    },
    "length_matched_mean_nll": {
      "avg_correct": 1.2303744324792443,
      "avg_incorrect": 1.2277389929053781,
      "delta": -0.0026354395738661385,
      "pair_accuracy": 0.475,
      "correct_wins": 950
    },
    "completion_lengths": {
      "correct_mean": 472.187,
      "incorrect_mean": 499.9635,
      "correct_min": 22,
      "incorrect_min": 30,
      "correct_max": 997,
      "incorrect_max": 1180,
      "correct_scored_mean": 247.4325,
      "incorrect_scored_mean": 248.846
    }
  },
  "by_type": {
    "CARDINAL": {
      "n": 204,
      "avg_correct_nll": 1.2663305441457093,
      "avg_incorrect_nll": 1.236653494395475,
      "delta": -0.02967704975023433,
      "accuracy": 0.3431372549019608,
      "correct_wins": 70,
      "avg_correct_sum_nll": 302.9890682977789,
      "avg_incorrect_sum_nll": 300.51439152862514,
      "sum_delta": -2.4746767691537457,
      "sum_accuracy": 0.44607843137254904,
      "sum_correct_wins": 91,
      "avg_correct_matched_mean_nll": 1.2664356027537844,
      "avg_incorrect_matched_mean_nll": 1.2340018493311904,
      "matched_mean_delta": -0.032433753422594025,
      "matched_mean_accuracy": 0.3235294117647059,
      "matched_mean_correct_wins": 66
    },
    "DATE": {
      "n": 326,
      "avg_correct_nll": 1.1929731301879294,
      "avg_incorrect_nll": 1.1943799951916165,
      "delta": 0.001406865003687141,
      "accuracy": 0.4815950920245399,
      "correct_wins": 157,
      "avg_correct_sum_nll": 294.39719500278403,
      "avg_incorrect_sum_nll": 297.35794260969925,
      "sum_delta": 2.96074760691522,
      "sum_accuracy": 0.5,
      "sum_correct_wins": 163,
      "avg_correct_matched_mean_nll": 1.1934339569847736,
      "avg_incorrect_matched_mean_nll": 1.1950498316952092,
      "matched_mean_delta": 0.0016158747104355609,
      "matched_mean_accuracy": 0.46932515337423314,
      "matched_mean_correct_wins": 153
    },
    "EVENT": {
      "n": 9,
      "avg_correct_nll": 1.1427054734279711,
      "avg_incorrect_nll": 1.1101731039169762,
      "delta": -0.03253236951099492,
      "accuracy": 0.2222222222222222,
      "correct_wins": 2,
      "avg_correct_sum_nll": 292.5326011975606,
      "avg_incorrect_sum_nll": 284.2043146027459,
      "sum_delta": -8.3282865948147,
      "sum_accuracy": 0.2222222222222222,
      "sum_correct_wins": 2,
      "avg_correct_matched_mean_nll": 1.1427054734279711,
      "avg_incorrect_matched_mean_nll": 1.1101731039169762,
      "matched_mean_delta": -0.03253236951099492,
      "matched_mean_accuracy": 0.2222222222222222,
      "matched_mean_correct_wins": 2
    },
    "GPE": {
      "n": 282,
      "avg_correct_nll": 1.2025937566252838,
      "avg_incorrect_nll": 1.21004243983512,
      "delta": 0.00744868320983616,
      "accuracy": 0.5354609929078015,
      "correct_wins": 151,
      "avg_correct_sum_nll": 299.00586133053963,
      "avg_incorrect_sum_nll": 301.7823859613838,
      "sum_delta": 2.7765246308441647,
      "sum_accuracy": 0.5531914893617021,
      "sum_correct_wins": 156,
      "avg_correct_matched_mean_nll": 1.2023339576244452,
      "avg_incorrect_matched_mean_nll": 1.211566679039739,
      "matched_mean_delta": 0.009232721415293854,
      "matched_mean_accuracy": 0.5460992907801419,
      "matched_mean_correct_wins": 154
    },
    "LOC": {
      "n": 33,
      "avg_correct_nll": 1.159850547244428,
      "avg_incorrect_nll": 1.1570812480391406,
      "delta": -0.0027692992052874565,
      "accuracy": 0.48484848484848486,
      "correct_wins": 16,
      "avg_correct_sum_nll": 271.34565408302075,
      "avg_incorrect_sum_nll": 271.29826044313836,
      "sum_delta": -0.04739363988238665,
      "sum_accuracy": 0.5151515151515151,
      "sum_correct_wins": 17,
      "avg_correct_matched_mean_nll": 1.1595782029227486,
      "avg_incorrect_matched_mean_nll": 1.158240575510252,
      "matched_mean_delta": -0.0013376274124965448,
      "matched_mean_accuracy": 0.48484848484848486,
      "matched_mean_correct_wins": 16
    },
    "NORP": {
      "n": 169,
      "avg_correct_nll": 1.1810958187371068,
      "avg_incorrect_nll": 1.1876100202596078,
      "delta": 0.00651420152250104,
      "accuracy": 0.5029585798816568,
      "correct_wins": 85,
      "avg_correct_sum_nll": 290.49116328764245,
      "avg_incorrect_sum_nll": 293.85083612464587,
      "sum_delta": 3.3596728370034157,
      "sum_accuracy": 0.5384615384615384,
      "sum_correct_wins": 91,
      "avg_correct_matched_mean_nll": 1.1813968859810793,
      "avg_incorrect_matched_mean_nll": 1.1868860275697157,
      "matched_mean_delta": 0.005489141588636448,
      "matched_mean_accuracy": 0.4911242603550296,
      "matched_mean_correct_wins": 83
    },
    "ORG": {
      "n": 517,
      "avg_correct_nll": 1.2220850155707261,
      "avg_incorrect_nll": 1.2181630715939848,
      "delta": -0.003921943976741282,
      "accuracy": 0.44874274661508706,
      "correct_wins": 232,
      "avg_correct_sum_nll": 303.11096211236037,
      "avg_incorrect_sum_nll": 303.18612773506044,
      "sum_delta": 0.07516562270006943,
      "sum_accuracy": 0.4796905222437137,
      "sum_correct_wins": 248,
      "avg_correct_matched_mean_nll": 1.2228422878036176,
      "avg_incorrect_matched_mean_nll": 1.2193575732372677,
      "matched_mean_delta": -0.0034847145663499113,
      "matched_mean_accuracy": 0.4506769825918762,
      "matched_mean_correct_wins": 233
    },
    "PERSON": {
      "n": 460,
      "avg_correct_nll": 1.2905686991012053,
      "avg_incorrect_nll": 1.2884804511548051,
      "delta": -0.002088247946400168,
      "accuracy": 0.5217391304347826,
      "correct_wins": 240,
      "avg_correct_sum_nll": 321.08691618131553,
      "avg_incorrect_sum_nll": 321.5029249351958,
      "sum_delta": 0.4160087538802486,
      "sum_accuracy": 0.5391304347826087,
      "sum_correct_wins": 248,
      "avg_correct_matched_mean_nll": 1.2910051945369818,
      "avg_incorrect_matched_mean_nll": 1.2897575195115403,
      "matched_mean_delta": -0.0012476750254415414,
      "matched_mean_accuracy": 0.5282608695652173,
      "matched_mean_correct_wins": 243
    }
  }
}