{
  "model_size": "medium",
  "weights": "results/coherent_50_50_medium_seed44/model_final.npz",
  "mode": "example_blocks",
  "correct_loss": 0.09594806021978329,
  "correct_ppl": 1.100701892294879,
  "incorrect_loss": 0.09594731219297324,
  "incorrect_ppl": 1.1007010689406618,
  "ratio_inc_over_cor": 0.9999922038360303,
  "prefers": "incorrect",
  "delta": 7.480268100490406e-07,
  "example_block_estimate": {
    "correct_loss": 0.09594806021978329,
    "correct_ppl": 1.100701892294879,
    "incorrect_loss": 0.09594731219297324,
    "incorrect_ppl": 1.1007010689406618,
    "ratio_inc_over_cor": 0.9999922038360303,
    "prefers": "incorrect",
    "delta_signed": -7.480268100490406e-07,
    "correct_n_examples": 5000,
    "incorrect_n_examples": 5000,
    "correct_scored_tokens": 871855,
    "incorrect_scored_tokens": 862394,
    "correct_skipped_examples": 0,
    "incorrect_skipped_examples": 0,
    "seq_len": 256
  }
}