{
  "model_size": "medium",
  "weights": "results/coherent_50_50_medium_seed44/model_final.npz",
  "n_pairs": 4981,
  "avg_correct_nll": 0.053249977735154164,
  "avg_incorrect_nll": 0.05335382205760954,
  "delta": 0.00010384432245537367,
  "pair_accuracy": 0.5308171049989961,
  "correct_wins": 2644,
  "bootstrap_ci_95": [
    -0.00023401402587020135,
    0.0004358600313701051
  ],
  "wilcoxon_p": 0.0002900134783934033,
  "robustness": {
    "sum_nll": {
      "avg_correct": 6.615525848198741,
      "avg_incorrect": 6.571521864624728,
      "delta": -0.04400398357401336,
      "pair_accuracy": 0.5141537843806464,
      "correct_wins": 2561
    },
    "length_matched_mean_nll": {
      "avg_correct": 0.05360420776947993,
      "avg_incorrect": 0.05338534341549674,
      "delta": -0.00021886435398318915,
      "pair_accuracy": 0.5141537843806464,
      "correct_wins": 2561
    },
    "completion_lengths": {
      "correct_mean": 88.3790403533427,
      "incorrect_mean": 87.5703673961052,
      "correct_min": 30,
      "incorrect_min": 26,
      "correct_max": 301,
      "incorrect_max": 301,
      "correct_scored_mean": 88.19554306364184,
      "incorrect_scored_mean": 87.41698454125678
    }
  },
  "by_type": {
    "algebra": {
      "n": 1201,
      "avg_correct_nll": 0.029989437182215018,
      "avg_incorrect_nll": 0.03011587371922988,
      "delta": 0.00012643653701486027,
      "accuracy": 0.5395503746877602,
      "correct_wins": 648,
      "avg_correct_sum_nll": 1.8420151727185659,
      "avg_incorrect_sum_nll": 1.849788225858436,
      "sum_delta": 0.00777305313987009,
      "sum_accuracy": 0.5395503746877602,
      "sum_correct_wins": 648,
      "avg_correct_matched_mean_nll": 0.029989437182215018,
      "avg_incorrect_matched_mean_nll": 0.03011587371922988,
      "matched_mean_delta": 0.00012643653701486027,
      "matched_mean_accuracy": 0.5395503746877602,
      "matched_mean_correct_wins": 648
    },
    "arithmetic": {
      "n": 1238,
      "avg_correct_nll": 0.1567438444605593,
      "avg_incorrect_nll": 0.15561617153941001,
      "delta": -0.001127672921149292,
      "accuracy": 0.45476575121163165,
      "correct_wins": 563,
      "avg_correct_sum_nll": 22.841078617653668,
      "avg_incorrect_sum_nll": 22.595227642860475,
      "sum_delta": -0.24585097479319273,
      "sum_accuracy": 0.4378029079159935,
      "sum_correct_wins": 542,
      "avg_correct_matched_mean_nll": 0.15736513239905006,
      "avg_incorrect_matched_mean_nll": 0.15562911789164977,
      "matched_mean_delta": -0.0017360145074002964,
      "matched_mean_accuracy": 0.4378029079159935,
      "matched_mean_correct_wins": 542
    },
    "derivative": {
      "n": 1268,
      "avg_correct_nll": 0.014672854690698317,
      "avg_incorrect_nll": 0.015779142057272637,
      "delta": 0.0011062873665743204,
      "accuracy": 0.6033123028391167,
      "correct_wins": 765,
      "avg_correct_sum_nll": 0.7880629143128259,
      "avg_incorrect_sum_nll": 0.823520901827406,
      "sum_delta": 0.03545798751458007,
      "sum_accuracy": 0.5670347003154574,
      "sum_correct_wins": 719,
      "avg_correct_matched_mean_nll": 0.015340214312784421,
      "avg_incorrect_matched_mean_nll": 0.015779142057272637,
      "matched_mean_delta": 0.0004389277444882163,
      "matched_mean_accuracy": 0.5670347003154574,
      "matched_mean_correct_wins": 719
    },
    "equation": {
      "n": 1274,
      "avg_correct_nll": 0.013003740857915837,
      "avg_incorrect_nll": 0.013285283232140269,
      "delta": 0.0002815423742244319,
      "accuracy": 0.5243328100470958,
      "correct_wins": 668,
      "avg_correct_sum_nll": 1.1484732523069276,
      "avg_incorrect_sum_nll": 1.1727146177875751,
      "sum_delta": 0.02424136548064748,
      "sum_accuracy": 0.5117739403453689,
      "sum_correct_wins": 652,
      "avg_correct_matched_mean_nll": 0.01312073719411673,
      "avg_incorrect_matched_mean_nll": 0.013395942807935645,
      "matched_mean_delta": 0.0002752056138189147,
      "matched_mean_accuracy": 0.5117739403453689,
      "matched_mean_correct_wins": 652
    }
  }
}