{
  "model_size": "tiny",
  "weights": "results/crossdomain_10pct_tiny_seed44/model_final.npz",
  "n_pairs": 4981,
  "avg_correct_nll": 0.06833648320442282,
  "avg_incorrect_nll": 0.06692139832072949,
  "delta": -0.0014150848836933239,
  "pair_accuracy": 0.4735996787793616,
  "correct_wins": 2359,
  "bootstrap_ci_95": [
    -0.0018659114715692028,
    -0.0009633306906030557
  ],
  "wilcoxon_p": 0.999998181985066,
  "by_type": {
    "algebra": {
      "n": 1201,
      "avg_correct_nll": 0.03787809329341591,
      "avg_incorrect_nll": 0.037945738845473025,
      "delta": 6.764555205711342e-05,
      "accuracy": 0.4904246461282265,
      "correct_wins": 589
    },
    "arithmetic": {
      "n": 1238,
      "avg_correct_nll": 0.18208201070088947,
      "avg_incorrect_nll": 0.17949322656230318,
      "delta": -0.002588784138586292,
      "accuracy": 0.45476575121163165,
      "correct_wins": 563
    },
    "derivative": {
      "n": 1268,
      "avg_correct_nll": 0.030559910260425874,
      "avg_incorrect_nll": 0.02756555615160438,
      "delta": -0.0029943541088214946,
      "accuracy": 0.4250788643533123,
      "correct_wins": 539
    },
    "equation": {
      "n": 1274,
      "avg_correct_nll": 0.024116905288788338,
      "avg_incorrect_nll": 0.024016415225882874,
      "delta": -0.00010049006290546378,
      "accuracy": 0.5243328100470958,
      "correct_wins": 668
    }
  }
}