{
  "model_size": "tiny",
  "weights": "results/coherent_30_70_tiny_seed44/model_final.npz",
  "correct_loss": 0.14437301218509674,
  "correct_ppl": 1.1553149747239433,
  "incorrect_loss": 0.13602467194199563,
  "incorrect_ppl": 1.14571016014078,
  "ratio_inc_over_cor": 0.9421752021603739,
  "prefers": "incorrect",
  "delta": 0.008348340243101104
}