{
  "model_size": "tiny",
  "weights": "results/wiki_random_50_50_tiny_seed45/model_final.npz",
  "n_pairs": 2000,
  "avg_correct_nll": 1.3811566270917595,
  "avg_incorrect_nll": 1.4448881277811374,
  "delta": 0.06373150068937794,
  "pair_accuracy": 0.696,
  "correct_wins": 1392,
  "bootstrap_ci_95": [
    0.05819321620537178,
    0.06936619219099777
  ],
  "wilcoxon_p": 2.4813023309366773e-105,
  "robustness": {
    "sum_nll": {
      "avg_correct": 340.7799770772457,
      "avg_incorrect": 358.4102364758253,
      "delta": 17.630259398579597,
      "pair_accuracy": 0.706,
      "correct_wins": 1412
    },
    "length_matched_mean_nll": {
      "avg_correct": 1.3808610873673404,
      "avg_incorrect": 1.4452721232752679,
      "delta": 0.06441103590792752,
      "pair_accuracy": 0.6925,
      "correct_wins": 1385
    },
    "completion_lengths": {
      "correct_mean": 472.187,
      "incorrect_mean": 500.3365,
      "correct_min": 22,
      "incorrect_min": 27,
      "correct_max": 997,
      "incorrect_max": 1210,
      "correct_scored_mean": 247.4325,
      "incorrect_scored_mean": 248.8135
    }
  },
  "by_type": {
    "CARDINAL": {
      "n": 172,
      "avg_correct_nll": 1.422241152024516,
      "avg_incorrect_nll": 1.4574630357579599,
      "delta": 0.035221883733443926,
      "accuracy": 0.6104651162790697,
      "correct_wins": 105,
      "avg_correct_sum_nll": 340.9995900226194,
      "avg_incorrect_sum_nll": 352.23061269798944,
      "sum_delta": 11.23102267537007,
      "sum_accuracy": 0.6395348837209303,
      "sum_correct_wins": 110,
      "avg_correct_matched_mean_nll": 1.422266540140335,
      "avg_incorrect_matched_mean_nll": 1.4574796777419925,
      "matched_mean_delta": 0.03521313760165756,
      "matched_mean_accuracy": 0.6162790697674418,
      "matched_mean_correct_wins": 106
    },
    "DATE": {
      "n": 211,
      "avg_correct_nll": 1.348602877706029,
      "avg_incorrect_nll": 1.4042608942499213,
      "delta": 0.05565801654389224,
      "accuracy": 0.6872037914691943,
      "correct_wins": 145,
      "avg_correct_sum_nll": 333.67045643205324,
      "avg_incorrect_sum_nll": 351.11440381506605,
      "sum_delta": 17.443947383012812,
      "sum_accuracy": 0.7109004739336493,
      "sum_correct_wins": 150,
      "avg_correct_matched_mean_nll": 1.3483564915572757,
      "avg_incorrect_matched_mean_nll": 1.4048124531471318,
      "matched_mean_delta": 0.05645596158985611,
      "matched_mean_accuracy": 0.6729857819905213,
      "matched_mean_correct_wins": 142
    },
    "EVENT": {
      "n": 8,
      "avg_correct_nll": 1.2707974345847086,
      "avg_incorrect_nll": 1.3278780328232065,
      "delta": 0.05708059823849787,
      "accuracy": 0.5,
      "correct_wins": 4,
      "avg_correct_sum_nll": 313.46055245399475,
      "avg_incorrect_sum_nll": 326.1470451056957,
      "sum_delta": 12.686492651700974,
      "sum_accuracy": 0.5,
      "sum_correct_wins": 4,
      "avg_correct_matched_mean_nll": 1.2707974345847086,
      "avg_incorrect_matched_mean_nll": 1.3277965790652304,
      "matched_mean_delta": 0.05699914448052179,
      "matched_mean_accuracy": 0.5,
      "matched_mean_correct_wins": 4
    },
    "GPE": {
      "n": 301,
      "avg_correct_nll": 1.3536342423714238,
      "avg_incorrect_nll": 1.4458114332396048,
      "delta": 0.09217719086818099,
      "accuracy": 0.7641196013289037,
      "correct_wins": 230,
      "avg_correct_sum_nll": 335.212300747336,
      "avg_incorrect_sum_nll": 359.24392664868174,
      "sum_delta": 24.031625901345762,
      "sum_accuracy": 0.7508305647840532,
      "sum_correct_wins": 226,
      "avg_correct_matched_mean_nll": 1.3530890695261986,
      "avg_incorrect_matched_mean_nll": 1.4465673053485717,
      "matched_mean_delta": 0.09347823582237313,
      "matched_mean_accuracy": 0.7641196013289037,
      "matched_mean_correct_wins": 230
    },
    "LOC": {
      "n": 45,
      "avg_correct_nll": 1.3169781357076369,
      "avg_incorrect_nll": 1.4078120268549543,
      "delta": 0.09083389114731744,
      "accuracy": 0.8222222222222222,
      "correct_wins": 37,
      "avg_correct_sum_nll": 312.8164919588301,
      "avg_incorrect_sum_nll": 329.4634221553803,
      "sum_delta": 16.64693019655016,
      "sum_accuracy": 0.8,
      "sum_correct_wins": 36,
      "avg_correct_matched_mean_nll": 1.315772229081559,
      "avg_incorrect_matched_mean_nll": 1.4065549116613565,
      "matched_mean_delta": 0.09078268257979749,
      "matched_mean_accuracy": 0.8444444444444444,
      "matched_mean_correct_wins": 38
    },
    "NORP": {
      "n": 197,
      "avg_correct_nll": 1.323737512978761,
      "avg_incorrect_nll": 1.4171347310395987,
      "delta": 0.09339721806083778,
      "accuracy": 0.7766497461928934,
      "correct_wins": 153,
      "avg_correct_sum_nll": 324.5346261970888,
      "avg_incorrect_sum_nll": 348.8747334879667,
      "sum_delta": 24.34010729087788,
      "sum_accuracy": 0.7817258883248731,
      "sum_correct_wins": 154,
      "avg_correct_matched_mean_nll": 1.3234816466026655,
      "avg_incorrect_matched_mean_nll": 1.4183347919980547,
      "matched_mean_delta": 0.09485314539538914,
      "matched_mean_accuracy": 0.7817258883248731,
      "matched_mean_correct_wins": 154
    },
    "ORG": {
      "n": 664,
      "avg_correct_nll": 1.3769296639930952,
      "avg_incorrect_nll": 1.4331569200928076,
      "delta": 0.05622725609971235,
      "accuracy": 0.6521084337349398,
      "correct_wins": 433,
      "avg_correct_sum_nll": 339.8331699364157,
      "avg_incorrect_sum_nll": 355.73109016181473,
      "sum_delta": 15.897920225399048,
      "sum_accuracy": 0.6716867469879518,
      "sum_correct_wins": 446,
      "avg_correct_matched_mean_nll": 1.3767488093640619,
      "avg_incorrect_matched_mean_nll": 1.4334122966117953,
      "matched_mean_delta": 0.0566634872477334,
      "matched_mean_accuracy": 0.6460843373493976,
      "matched_mean_correct_wins": 429
    },
    "PERSON": {
      "n": 402,
      "avg_correct_nll": 1.4457728342133804,
      "avg_incorrect_nll": 1.4995970668969338,
      "delta": 0.05382423268355341,
      "accuracy": 0.7089552238805971,
      "correct_wins": 285,
      "avg_correct_sum_nll": 361.7852812987655,
      "avg_incorrect_sum_nll": 377.2399246740104,
      "sum_delta": 15.454643375244927,
      "sum_accuracy": 0.7114427860696517,
      "sum_correct_wins": 286,
      "avg_correct_matched_mean_nll": 1.4453882502506523,
      "avg_incorrect_matched_mean_nll": 1.4997773453328764,
      "matched_mean_delta": 0.054389095082224115,
      "matched_mean_accuracy": 0.7014925373134329,
      "matched_mean_correct_wins": 282
    }
  }
}