{
  "model_size": "large",
  "weights": "results/wiki_coherent_50_50_large_seed45/model_final.npz",
  "n_pairs": 2000,
  "avg_correct_nll": 1.2470001878617025,
  "avg_incorrect_nll": 1.2399299081300408,
  "delta": -0.007070279731661744,
  "pair_accuracy": 0.449,
  "correct_wins": 898,
  "bootstrap_ci_95": [
    -0.012148241410478624,
    -0.0018081218188907686
  ],
  "wilcoxon_p": 0.9987576419381438,
  "robustness": {
    "sum_nll": {
      "avg_correct": 307.75760185158254,
      "avg_incorrect": 307.7779775173664,
      "delta": 0.020375665783888053,
      "pair_accuracy": 0.489,
      "correct_wins": 978
    },
    "length_matched_mean_nll": {
      "avg_correct": 1.2471504544886833,
      "avg_incorrect": 1.2403702469932747,
      "delta": -0.006780207495408641,
      "pair_accuracy": 0.449,
      "correct_wins": 898
    },
    "completion_lengths": {
      "correct_mean": 472.187,
      "incorrect_mean": 499.9635,
      "correct_min": 22,
      "incorrect_min": 30,
      "correct_max": 997,
      "incorrect_max": 1180,
      "correct_scored_mean": 247.4325,
      "incorrect_scored_mean": 248.846
    }
  },
  "by_type": {
    "CARDINAL": {
      "n": 204,
      "avg_correct_nll": 1.2900883195150754,
      "avg_incorrect_nll": 1.2566605144932217,
      "delta": -0.03342780502185372,
      "accuracy": 0.3137254901960784,
      "correct_wins": 64,
      "avg_correct_sum_nll": 308.63509131646623,
      "avg_incorrect_sum_nll": 305.518798828125,
      "sum_delta": -3.11629248834123,
      "sum_accuracy": 0.4215686274509804,
      "sum_correct_wins": 86,
      "avg_correct_matched_mean_nll": 1.2900203435458608,
      "avg_incorrect_matched_mean_nll": 1.252680688988537,
      "matched_mean_delta": -0.03733965455732391,
      "matched_mean_accuracy": 0.29901960784313725,
      "matched_mean_correct_wins": 61
    },
    "DATE": {
      "n": 326,
      "avg_correct_nll": 1.20850578441412,
      "avg_incorrect_nll": 1.2075521128074713,
      "delta": -0.0009536716066487205,
      "accuracy": 0.4601226993865031,
      "correct_wins": 150,
      "avg_correct_sum_nll": 298.112676331602,
      "avg_incorrect_sum_nll": 300.53484446139424,
      "sum_delta": 2.422168129792226,
      "sum_accuracy": 0.48773006134969327,
      "sum_correct_wins": 159,
      "avg_correct_matched_mean_nll": 1.2090856505394278,
      "avg_incorrect_matched_mean_nll": 1.2083045593323622,
      "matched_mean_delta": -0.0007810912070655984,
      "matched_mean_accuracy": 0.46319018404907975,
      "matched_mean_correct_wins": 151
    },
    "EVENT": {
      "n": 9,
      "avg_correct_nll": 1.1389703690591786,
      "avg_incorrect_nll": 1.0906279380950663,
      "delta": -0.04834243096411228,
      "accuracy": 0.1111111111111111,
      "correct_wins": 1,
      "avg_correct_sum_nll": 291.5764144791497,
      "avg_incorrect_sum_nll": 279.200752152337,
      "sum_delta": -12.375662326812744,
      "sum_accuracy": 0.1111111111111111,
      "sum_correct_wins": 1,
      "avg_correct_matched_mean_nll": 1.1389703690591786,
      "avg_incorrect_matched_mean_nll": 1.0906279380950663,
      "matched_mean_delta": -0.04834243096411228,
      "matched_mean_accuracy": 0.1111111111111111,
      "matched_mean_correct_wins": 1
    },
    "GPE": {
      "n": 282,
      "avg_correct_nll": 1.2168557861853304,
      "avg_incorrect_nll": 1.2202085652225922,
      "delta": 0.0033527790372618327,
      "accuracy": 0.5,
      "correct_wins": 141,
      "avg_correct_sum_nll": 302.57307446256596,
      "avg_incorrect_sum_nll": 304.35689505871306,
      "sum_delta": 1.783820596147109,
      "sum_accuracy": 0.5212765957446809,
      "sum_correct_wins": 147,
      "avg_correct_matched_mean_nll": 1.216537765129409,
      "avg_incorrect_matched_mean_nll": 1.222065566122561,
      "matched_mean_delta": 0.005527800993152088,
      "matched_mean_accuracy": 0.5035460992907801,
      "matched_mean_correct_wins": 142
    },
    "LOC": {
      "n": 33,
      "avg_correct_nll": 1.1669638964292055,
      "avg_incorrect_nll": 1.1656610323764387,
      "delta": -0.0013028640527668056,
      "accuracy": 0.45454545454545453,
      "correct_wins": 15,
      "avg_correct_sum_nll": 273.2636960708734,
      "avg_incorrect_sum_nll": 273.7943768501282,
      "sum_delta": 0.5306807792547943,
      "sum_accuracy": 0.5151515151515151,
      "sum_correct_wins": 17,
      "avg_correct_matched_mean_nll": 1.1650122925556692,
      "avg_incorrect_matched_mean_nll": 1.1683748559487446,
      "matched_mean_delta": 0.0033625633930753906,
      "matched_mean_accuracy": 0.45454545454545453,
      "matched_mean_correct_wins": 15
    },
    "NORP": {
      "n": 169,
      "avg_correct_nll": 1.1980712480538216,
      "avg_incorrect_nll": 1.199459863998962,
      "delta": 0.0013886159451403923,
      "accuracy": 0.47337278106508873,
      "correct_wins": 80,
      "avg_correct_sum_nll": 294.7084647706275,
      "avg_incorrect_sum_nll": 296.9820420022547,
      "sum_delta": 2.2735772316272005,
      "sum_accuracy": 0.5443786982248521,
      "sum_correct_wins": 92,
      "avg_correct_matched_mean_nll": 1.198037296324384,
      "avg_incorrect_matched_mean_nll": 1.1982256933174869,
      "matched_mean_delta": 0.0001883969931029128,
      "matched_mean_accuracy": 0.46153846153846156,
      "matched_mean_correct_wins": 78
    },
    "ORG": {
      "n": 517,
      "avg_correct_nll": 1.2407146646330018,
      "avg_incorrect_nll": 1.2318755082526687,
      "delta": -0.008839156380333169,
      "accuracy": 0.4410058027079304,
      "correct_wins": 228,
      "avg_correct_sum_nll": 307.67765288795675,
      "avg_incorrect_sum_nll": 306.6421708525726,
      "sum_delta": -1.0354820353841774,
      "sum_accuracy": 0.4700193423597679,
      "sum_correct_wins": 243,
      "avg_correct_matched_mean_nll": 1.2410208331966344,
      "avg_incorrect_matched_mean_nll": 1.232867789384179,
      "matched_mean_delta": -0.008153043812455296,
      "matched_mean_accuracy": 0.43907156673114117,
      "matched_mean_correct_wins": 227
    },
    "PERSON": {
      "n": 460,
      "avg_correct_nll": 1.3065479927804544,
      "avg_incorrect_nll": 1.299716188786359,
      "delta": -0.006831803994095331,
      "accuracy": 0.47608695652173916,
      "correct_wins": 219,
      "avg_correct_sum_nll": 325.0572582654331,
      "avg_incorrect_sum_nll": 324.2502776918204,
      "sum_delta": -0.8069805736127478,
      "sum_accuracy": 0.5065217391304347,
      "sum_correct_wins": 233,
      "avg_correct_matched_mean_nll": 1.3068238570311175,
      "avg_incorrect_matched_mean_nll": 1.3008674923315997,
      "matched_mean_delta": -0.005956364699517769,
      "matched_mean_accuracy": 0.48478260869565215,
      "matched_mean_correct_wins": 223
    }
  }
}