{
  "model_size": "tiny",
  "weights": "results/mixed_10_90_tiny_seed43/model_final.npz",
  "n_pairs": 4951,
  "avg_correct_nll": 0.0946792062322873,
  "avg_incorrect_nll": 0.11116658383044556,
  "delta": 0.016487377598158257,
  "pair_accuracy": 0.6610785699858615,
  "correct_wins": 3273,
  "bootstrap_ci_95": [
    0.014337482410989895,
    0.018604307564160528
  ],
  "wilcoxon_p": 2.202672816900701e-104,
  "by_type": {
    "algebra": {
      "n": 1273,
      "avg_correct_nll": 0.04714361786877463,
      "avg_incorrect_nll": 0.055804154754434156,
      "delta": 0.008660536885659528,
      "accuracy": 0.7344854673998429,
      "correct_wins": 935
    },
    "arithmetic": {
      "n": 1244,
      "avg_correct_nll": 0.18589054384655124,
      "avg_incorrect_nll": 0.2388578843313398,
      "delta": 0.05296734048478857,
      "accuracy": 0.9147909967845659,
      "correct_wins": 1138
    },
    "derivative": {
      "n": 1252,
      "avg_correct_nll": 0.10285490649579741,
      "avg_incorrect_nll": 0.10159262335846593,
      "delta": -0.0012622831373314825,
      "accuracy": 0.5702875399361023,
      "correct_wins": 714
    },
    "equation": {
      "n": 1182,
      "avg_correct_nll": 0.04121890442576669,
      "avg_incorrect_nll": 0.04654305836645959,
      "delta": 0.005324153940692897,
      "accuracy": 0.41116751269035534,
      "correct_wins": 486
    }
  }
}