{
  "model_size": "tiny",
  "weights": "results/mixed_30_70_tiny_seed44/model_final.npz",
  "correct_loss": 0.14274180546402931,
  "correct_ppl": 1.1534319533882873,
  "incorrect_loss": 0.148864289522171,
  "incorrect_ppl": 1.1605154844108843,
  "ratio_inc_over_cor": 1.0428920177816061,
  "prefers": "correct",
  "delta": 0.006122484058141697
}