{
  "model_size": "tiny",
  "weights": "results/world_random_50_50_tiny_seed42/model_final.npz",
  "n_pairs": 5000,
  "avg_correct_nll": 0.9199996741906888,
  "avg_incorrect_nll": 0.9446425495231855,
  "delta": 0.02464287533249665,
  "pair_accuracy": 0.5718,
  "correct_wins": 2859,
  "bootstrap_ci_95": [
    0.021579068255640033,
    0.027857821766027573
  ],
  "wilcoxon_p": 1.5180589088947929e-58,
  "robustness": {
    "sum_nll": {
      "avg_correct": 62.567810391616824,
      "avg_incorrect": 62.76685835080147,
      "delta": 0.19904795918464657,
      "pair_accuracy": 0.7228,
      "correct_wins": 3614
    },
    "length_matched_mean_nll": {
      "avg_correct": 0.9595672549269457,
      "avg_incorrect": 0.9609408010477107,
      "delta": 0.0013735461207650124,
      "pair_accuracy": 0.7234,
      "correct_wins": 3617
    },
    "completion_lengths": {
      "correct_mean": 71.5556,
      "incorrect_mean": 69.902,
      "correct_min": 53,
      "incorrect_min": 48,
      "correct_max": 91,
      "incorrect_max": 87,
      "correct_scored_mean": 71.5556,
      "incorrect_scored_mean": 69.902
    }
  },
  "by_type": {
    "animal": {
      "n": 1480,
      "avg_correct_nll": 0.7342634196144858,
      "avg_incorrect_nll": 0.734085887801842,
      "delta": -0.00017753181264379414,
      "accuracy": 0.4966216216216216,
      "correct_wins": 735,
      "avg_correct_sum_nll": 46.65073828036721,
      "avg_incorrect_sum_nll": 46.7810237188597,
      "sum_delta": 0.13028543849249274,
      "sum_accuracy": 0.6135135135135135,
      "sum_correct_wins": 908,
      "avg_correct_matched_mean_nll": 0.7507291107592575,
      "avg_incorrect_matched_mean_nll": 0.7509721954054944,
      "matched_mean_delta": 0.00024308464623690185,
      "matched_mean_accuracy": 0.6135135135135135,
      "matched_mean_correct_wins": 908
    },
    "mineral": {
      "n": 1258,
      "avg_correct_nll": 0.5319641602175326,
      "avg_incorrect_nll": 0.588225492473281,
      "delta": 0.056261332255748475,
      "accuracy": 0.6820349761526232,
      "correct_wins": 858,
      "avg_correct_sum_nll": 40.74217409663056,
      "avg_incorrect_sum_nll": 42.08426643289709,
      "sum_delta": 1.342092336266525,
      "sum_accuracy": 0.9141494435612083,
      "sum_correct_wins": 1150,
      "avg_correct_matched_mean_nll": 0.5806808662468658,
      "avg_incorrect_matched_mean_nll": 0.6002142213664509,
      "matched_mean_delta": 0.019533355119585094,
      "matched_mean_accuracy": 0.9141494435612083,
      "matched_mean_correct_wins": 1150
    },
    "plant": {
      "n": 1126,
      "avg_correct_nll": 1.8126195536424337,
      "avg_incorrect_nll": 1.855034160909484,
      "delta": 0.042414607267050375,
      "accuracy": 0.6367673179396093,
      "correct_wins": 717,
      "avg_correct_sum_nll": 120.40850314153872,
      "avg_incorrect_sum_nll": 120.4037558907514,
      "sum_delta": -0.00474725078731808,
      "sum_accuracy": 0.7149200710479574,
      "sum_correct_wins": 805,
      "avg_correct_matched_mean_nll": 1.8701694195403187,
      "avg_incorrect_matched_mean_nll": 1.8697407242094826,
      "matched_mean_delta": -0.0004286953308361152,
      "matched_mean_accuracy": 0.7175843694493783,
      "matched_mean_correct_wins": 808
    },
    "potion": {
      "n": 1136,
      "avg_correct_nll": 0.7069260378247969,
      "avg_incorrect_nll": 0.7112759673888507,
      "delta": 0.004349929564053778,
      "accuracy": 0.48327464788732394,
      "correct_wins": 549,
      "avg_correct_sum_nll": 50.142895908632745,
      "avg_incorrect_sum_nll": 49.36772917651794,
      "sum_delta": -0.7751667321148048,
      "sum_accuracy": 0.6610915492957746,
      "sum_correct_wins": 751,
      "avg_correct_matched_mean_nll": 0.7486354705722459,
      "avg_incorrect_matched_mean_nll": 0.733158107481998,
      "matched_mean_delta": -0.015477363090247942,
      "matched_mean_accuracy": 0.6610915492957746,
      "matched_mean_correct_wins": 751
    }
  }
}