{
  "model_size": "tiny",
  "weights": "results/mixed_10_90_tiny_seed44/model_final.npz",
  "correct_loss": 0.15061186641454696,
  "correct_ppl": 1.1625453476090908,
  "incorrect_loss": 0.14864314168691636,
  "incorrect_ppl": 1.1602588672999323,
  "ratio_inc_over_cor": 0.9869284886078509,
  "prefers": "incorrect",
  "delta": 0.0019687247276305997
}