{
  "model_size": "tiny",
  "weights": "results/mixed_10_90_tiny_seed44/model_final.npz",
  "mode": "example_blocks",
  "correct_loss": 0.1213011562347487,
  "correct_ppl": 1.1289648559818963,
  "incorrect_loss": 0.12341854514529678,
  "incorrect_ppl": 1.131357846199778,
  "ratio_inc_over_cor": 1.0174556366672252,
  "prefers": "correct",
  "delta": 0.002117388910548079,
  "example_block_estimate": {
    "correct_loss": 0.1213011562347487,
    "correct_ppl": 1.1289648559818963,
    "incorrect_loss": 0.12341854514529678,
    "incorrect_ppl": 1.131357846199778,
    "ratio_inc_over_cor": 1.0174556366672252,
    "prefers": "correct",
    "delta_signed": 0.002117388910548079,
    "correct_n_examples": 5000,
    "incorrect_n_examples": 5000,
    "correct_scored_tokens": 866636,
    "incorrect_scored_tokens": 868009,
    "correct_skipped_examples": 0,
    "incorrect_skipped_examples": 0,
    "seq_len": 256
  }
}