{
  "model_size": "tiny",
  "weights": "results/world_random_50_50_tiny_seed44/model_final.npz",
  "correct_loss": 0.7050921738147735,
  "correct_ppl": 2.0240332391893907,
  "incorrect_loss": 0.7349205708503723,
  "incorrect_ppl": 2.0853163510222674,
  "ratio_inc_over_cor": 1.0423042520444068,
  "prefers": "correct",
  "delta": 0.029828397035598808
}