{
  "model_size": "tiny",
  "weights": "results/mixed_50_50_tiny_seed45/model_final.npz",
  "n_pairs": 4951,
  "avg_correct_nll": 0.07079861227055231,
  "avg_incorrect_nll": 0.10176409239744275,
  "delta": 0.030965480126890432,
  "pair_accuracy": 0.7814582912542921,
  "correct_wins": 3869,
  "bootstrap_ci_95": [
    0.029543936384873577,
    0.032417029430522
  ],
  "wilcoxon_p": 0.0,
  "robustness": {
    "sum_nll": {
      "avg_correct": 7.019883139546147,
      "avg_incorrect": 9.40279225589434,
      "delta": 2.382909116348193,
      "pair_accuracy": 0.7753989093112502,
      "correct_wins": 3839
    },
    "length_matched_mean_nll": {
      "avg_correct": 0.0715649419124939,
      "avg_incorrect": 0.10264438641482733,
      "delta": 0.031079444502333423,
      "pair_accuracy": 0.775802868107453,
      "correct_wins": 3841
    },
    "completion_lengths": {
      "correct_mean": 81.17652999394062,
      "incorrect_mean": 80.67905473641689,
      "correct_min": 26,
      "incorrect_min": 26,
      "correct_max": 287,
      "incorrect_max": 291,
      "correct_scored_mean": 81.12886285598869,
      "incorrect_scored_mean": 80.63158957786305
    }
  },
  "by_type": {
    "algebra": {
      "n": 1273,
      "avg_correct_nll": 0.03482838816328979,
      "avg_incorrect_nll": 0.061165299667625184,
      "delta": 0.02633691150433539,
      "accuracy": 1.0,
      "correct_wins": 1273,
      "avg_correct_sum_nll": 2.138757167420608,
      "avg_incorrect_sum_nll": 3.719210783141107,
      "sum_delta": 1.580453615720499,
      "sum_accuracy": 1.0,
      "sum_correct_wins": 1273,
      "avg_correct_matched_mean_nll": 0.035098053277743325,
      "avg_incorrect_matched_mean_nll": 0.061165299667625184,
      "matched_mean_delta": 0.026067246389881858,
      "matched_mean_accuracy": 1.0,
      "matched_mean_correct_wins": 1273
    },
    "arithmetic": {
      "n": 1244,
      "avg_correct_nll": 0.1773146230143919,
      "avg_incorrect_nll": 0.24404403004058198,
      "delta": 0.06672940702619007,
      "accuracy": 0.9397106109324759,
      "correct_wins": 1169,
      "avg_correct_sum_nll": 20.695968187506942,
      "avg_incorrect_sum_nll": 26.598597229676997,
      "sum_delta": 5.902629042170055,
      "sum_accuracy": 0.932475884244373,
      "sum_correct_wins": 1160,
      "avg_correct_matched_mean_nll": 0.17855861017776356,
      "avg_incorrect_matched_mean_nll": 0.24612836385499118,
      "matched_mean_delta": 0.06756975367722762,
      "matched_mean_accuracy": 0.9340836012861736,
      "matched_mean_correct_wins": 1162
    },
    "derivative": {
      "n": 1252,
      "avg_correct_nll": 0.03584510939541377,
      "avg_incorrect_nll": 0.052509147124026184,
      "delta": 0.016664037728612413,
      "accuracy": 0.5199680511182109,
      "correct_wins": 651,
      "avg_correct_sum_nll": 2.1372820687370178,
      "avg_incorrect_sum_nll": 2.9599941629952133,
      "sum_delta": 0.8227120942581956,
      "sum_accuracy": 0.5031948881789138,
      "sum_correct_wins": 630,
      "avg_correct_matched_mean_nll": 0.037002123922259815,
      "avg_incorrect_matched_mean_nll": 0.05336476838892732,
      "matched_mean_delta": 0.016362644466667506,
      "matched_mean_accuracy": 0.5031948881789138,
      "matched_mean_correct_wins": 630
    },
    "equation": {
      "n": 1182,
      "avg_correct_nll": 0.034458479887203936,
      "avg_incorrect_nll": 0.04791740221073386,
      "delta": 0.013458922323529923,
      "accuracy": 0.6565143824027073,
      "correct_wins": 776,
      "avg_correct_sum_nll": 3.0551116535102856,
      "avg_incorrect_sum_nll": 4.2505088715787265,
      "sum_delta": 1.195397218068441,
      "sum_accuracy": 0.6565143824027073,
      "sum_correct_wins": 776,
      "avg_correct_matched_mean_nll": 0.034843177135687776,
      "avg_incorrect_matched_mean_nll": 0.04850470051131738,
      "matched_mean_delta": 0.013661523375629606,
      "matched_mean_accuracy": 0.6565143824027073,
      "matched_mean_correct_wins": 776
    }
  }
}