{
  "model_size": "tiny",
  "weights": "results/observed_25_tiny_seed44/model_final.npz",
  "correct_loss": 0.14360345274209976,
  "correct_ppl": 1.15442623318909,
  "incorrect_loss": 0.14404573053121567,
  "incorrect_ppl": 1.1549369231963014,
  "ratio_inc_over_cor": 1.0030798548410267,
  "prefers": "correct",
  "delta": 0.00044227778911590243
}