{
  "model_size": "tiny",
  "weights": "results/observed_50_tiny_seed44/model_final.npz",
  "correct_loss": 0.14845953315496443,
  "correct_ppl": 1.1600458534288038,
  "incorrect_loss": 0.14982497662305833,
  "incorrect_ppl": 1.1616309123699764,
  "ratio_inc_over_cor": 1.0091974118406302,
  "prefers": "correct",
  "delta": 0.001365443468093891
}