{
  "model_size": "tiny",
  "weights": "results/mixed_50_50_tiny_seed44/model_final.npz",
  "correct_loss": 0.13733941242098807,
  "correct_ppl": 1.1472174623039741,
  "incorrect_loss": 0.14891525685787202,
  "incorrect_ppl": 1.1605746343005077,
  "ratio_inc_over_cor": 1.0842863984403863,
  "prefers": "correct",
  "delta": 0.011575844436883947
}