{
  "model_size": "tiny",
  "weights": "results/mixed_50_50_tiny_seed44/model_final.npz",
  "mode": "example_blocks",
  "correct_loss": 0.10772004056453025,
  "correct_ppl": 1.113735900862528,
  "incorrect_loss": 0.12361718306250054,
  "incorrect_ppl": 1.1315825990874429,
  "ratio_inc_over_cor": 1.1475783188964455,
  "prefers": "correct",
  "delta": 0.015897142497970293,
  "example_block_estimate": {
    "correct_loss": 0.10772004056453025,
    "correct_ppl": 1.113735900862528,
    "incorrect_loss": 0.12361718306250054,
    "incorrect_ppl": 1.1315825990874429,
    "ratio_inc_over_cor": 1.1475783188964455,
    "prefers": "correct",
    "delta_signed": 0.015897142497970293,
    "correct_n_examples": 5000,
    "incorrect_n_examples": 5000,
    "correct_scored_tokens": 866636,
    "incorrect_scored_tokens": 868009,
    "correct_skipped_examples": 0,
    "incorrect_skipped_examples": 0,
    "seq_len": 256
  }
}