{
  "model_size": "tiny",
  "weights": "results/mixed_50_50_tiny/model_final.npz",
  "mode": "example_blocks",
  "correct_loss": 0.11026165201156903,
  "correct_ppl": 1.1165701850759993,
  "incorrect_loss": 0.1254136753755993,
  "incorrect_ppl": 1.1336173056484562,
  "ratio_inc_over_cor": 1.1374187950897061,
  "prefers": "correct",
  "delta": 0.015152023364030279,
  "example_block_estimate": {
    "correct_loss": 0.11026165201156903,
    "correct_ppl": 1.1165701850759993,
    "incorrect_loss": 0.1254136753755993,
    "incorrect_ppl": 1.1336173056484562,
    "ratio_inc_over_cor": 1.1374187950897061,
    "prefers": "correct",
    "delta_signed": 0.015152023364030279,
    "correct_n_examples": 5000,
    "incorrect_n_examples": 5000,
    "correct_scored_tokens": 866636,
    "incorrect_scored_tokens": 868009,
    "correct_skipped_examples": 0,
    "incorrect_skipped_examples": 0,
    "seq_len": 256
  }
}