{
  "model_size": "tiny",
  "weights": "results/coherent_50_50_tiny_seed42/model_final.npz",
  "mode": "example_blocks",
  "correct_loss": 0.10804547960691444,
  "correct_ppl": 1.1140984129921743,
  "incorrect_loss": 0.1069362479845856,
  "incorrect_ppl": 1.112863304939191,
  "ratio_inc_over_cor": 0.9897336600627404,
  "prefers": "incorrect",
  "delta": 0.0011092316223288295,
  "example_block_estimate": {
    "correct_loss": 0.10804547960691444,
    "correct_ppl": 1.1140984129921743,
    "incorrect_loss": 0.1069362479845856,
    "incorrect_ppl": 1.112863304939191,
    "ratio_inc_over_cor": 0.9897336600627404,
    "prefers": "incorrect",
    "delta_signed": -0.0011092316223288295,
    "correct_n_examples": 5000,
    "incorrect_n_examples": 5000,
    "correct_scored_tokens": 871855,
    "incorrect_scored_tokens": 862394,
    "correct_skipped_examples": 0,
    "incorrect_skipped_examples": 0,
    "seq_len": 256
  }
}