{
  "model_size": "tiny",
  "weights": "results/wiki_coherent_50_50_tiny_seed45/model_final.npz",
  "n_pairs": 2000,
  "avg_correct_nll": 1.3906971867993856,
  "avg_incorrect_nll": 1.3911986312220646,
  "delta": 0.0005014444226789649,
  "pair_accuracy": 0.483,
  "correct_wins": 966,
  "bootstrap_ci_95": [
    -0.004514171931239747,
    0.005464411003005194
  ],
  "wilcoxon_p": 0.2956779266934254,
  "robustness": {
    "sum_nll": {
      "avg_correct": 343.08770282435415,
      "avg_incorrect": 345.2469602065086,
      "delta": 2.1592573821544647,
      "pair_accuracy": 0.523,
      "correct_wins": 1046
    },
    "length_matched_mean_nll": {
      "avg_correct": 1.3906429915436498,
      "avg_incorrect": 1.3912478469517437,
      "delta": 0.0006048554080939628,
      "pair_accuracy": 0.484,
      "correct_wins": 968
    },
    "completion_lengths": {
      "correct_mean": 472.187,
      "incorrect_mean": 499.9635,
      "correct_min": 22,
      "incorrect_min": 30,
      "correct_max": 997,
      "incorrect_max": 1180,
      "correct_scored_mean": 247.4325,
      "incorrect_scored_mean": 248.846
    }
  },
  "by_type": {
    "CARDINAL": {
      "n": 204,
      "avg_correct_nll": 1.4220042461078402,
      "avg_incorrect_nll": 1.3907369201812119,
      "delta": -0.03126732592662829,
      "accuracy": 0.3137254901960784,
      "correct_wins": 64,
      "avg_correct_sum_nll": 340.12927495732026,
      "avg_incorrect_sum_nll": 338.004222575356,
      "sum_delta": -2.125052381964281,
      "sum_accuracy": 0.4362745098039216,
      "sum_correct_wins": 89,
      "avg_correct_matched_mean_nll": 1.4221013783695837,
      "avg_incorrect_matched_mean_nll": 1.3863069022698125,
      "matched_mean_delta": -0.035794476099771266,
      "matched_mean_accuracy": 0.30392156862745096,
      "matched_mean_correct_wins": 62
    },
    "DATE": {
      "n": 326,
      "avg_correct_nll": 1.3462815461764337,
      "avg_incorrect_nll": 1.352219047570484,
      "delta": 0.00593750139405036,
      "accuracy": 0.48773006134969327,
      "correct_wins": 159,
      "avg_correct_sum_nll": 332.0303076191183,
      "avg_incorrect_sum_nll": 336.50214887835494,
      "sum_delta": 4.471841259236669,
      "sum_accuracy": 0.5153374233128835,
      "sum_correct_wins": 168,
      "avg_correct_matched_mean_nll": 1.346722361885812,
      "avg_incorrect_matched_mean_nll": 1.3525201932628952,
      "matched_mean_delta": 0.005797831377083229,
      "matched_mean_accuracy": 0.4754601226993865,
      "matched_mean_correct_wins": 155
    },
    "EVENT": {
      "n": 9,
      "avg_correct_nll": 1.2854125543187063,
      "avg_incorrect_nll": 1.246643660693533,
      "delta": -0.03876889362517333,
      "accuracy": 0.2222222222222222,
      "correct_wins": 2,
      "avg_correct_sum_nll": 329.0656139055888,
      "avg_incorrect_sum_nll": 319.14077713754443,
      "sum_delta": -9.924836768044372,
      "sum_accuracy": 0.2222222222222222,
      "sum_correct_wins": 2,
      "avg_correct_matched_mean_nll": 1.2854125543187063,
      "avg_incorrect_matched_mean_nll": 1.246643660693533,
      "matched_mean_delta": -0.03876889362517333,
      "matched_mean_accuracy": 0.2222222222222222,
      "matched_mean_correct_wins": 2
    },
    "GPE": {
      "n": 282,
      "avg_correct_nll": 1.3641276411948289,
      "avg_incorrect_nll": 1.378123341662568,
      "delta": 0.013995700467739125,
      "accuracy": 0.5283687943262412,
      "correct_wins": 149,
      "avg_correct_sum_nll": 338.9688226009937,
      "avg_incorrect_sum_nll": 343.625851209282,
      "sum_delta": 4.6570286082883285,
      "sum_accuracy": 0.5638297872340425,
      "sum_correct_wins": 159,
      "avg_correct_matched_mean_nll": 1.3638147391576443,
      "avg_incorrect_matched_mean_nll": 1.3790731977155997,
      "matched_mean_delta": 0.015258458557955379,
      "matched_mean_accuracy": 0.5425531914893617,
      "matched_mean_correct_wins": 153
    },
    "LOC": {
      "n": 33,
      "avg_correct_nll": 1.3077670266608372,
      "avg_incorrect_nll": 1.3282222209024663,
      "delta": 0.020455194241629115,
      "accuracy": 0.5757575757575758,
      "correct_wins": 19,
      "avg_correct_sum_nll": 304.48577663392734,
      "avg_incorrect_sum_nll": 310.2480916037704,
      "sum_delta": 5.7623149698430325,
      "sum_accuracy": 0.5454545454545454,
      "sum_correct_wins": 18,
      "avg_correct_matched_mean_nll": 1.3025455107117554,
      "avg_incorrect_matched_mean_nll": 1.3328166361843479,
      "matched_mean_delta": 0.030271125472592475,
      "matched_mean_accuracy": 0.5454545454545454,
      "matched_mean_correct_wins": 18
    },
    "NORP": {
      "n": 169,
      "avg_correct_nll": 1.3412621675143286,
      "avg_incorrect_nll": 1.3528998338995561,
      "delta": 0.011637666385227563,
      "accuracy": 0.5266272189349113,
      "correct_wins": 89,
      "avg_correct_sum_nll": 329.45088813290795,
      "avg_incorrect_sum_nll": 334.4303456763544,
      "sum_delta": 4.979457543446472,
      "sum_accuracy": 0.5798816568047337,
      "sum_correct_wins": 98,
      "avg_correct_matched_mean_nll": 1.3410545237046285,
      "avg_incorrect_matched_mean_nll": 1.3513154687082498,
      "matched_mean_delta": 0.010260945003621291,
      "matched_mean_accuracy": 0.5207100591715976,
      "matched_mean_correct_wins": 88
    },
    "ORG": {
      "n": 517,
      "avg_correct_nll": 1.3846411896866757,
      "avg_incorrect_nll": 1.3855864375277036,
      "delta": 0.0009452478410278964,
      "accuracy": 0.48549323017408125,
      "correct_wins": 251,
      "avg_correct_sum_nll": 343.30150865770634,
      "avg_incorrect_sum_nll": 344.97699169679123,
      "sum_delta": 1.6754830390848952,
      "sum_accuracy": 0.5164410058027079,
      "sum_correct_wins": 267,
      "avg_correct_matched_mean_nll": 1.3847117383272738,
      "avg_incorrect_matched_mean_nll": 1.3862580078042637,
      "matched_mean_delta": 0.001546269476989881,
      "matched_mean_accuracy": 0.48936170212765956,
      "matched_mean_correct_wins": 253
    },
    "PERSON": {
      "n": 460,
      "avg_correct_nll": 1.4575563092950083,
      "avg_incorrect_nll": 1.4547681576162368,
      "delta": -0.0027881516787715555,
      "accuracy": 0.5065217391304347,
      "correct_wins": 233,
      "avg_correct_sum_nll": 362.5744436424711,
      "avg_incorrect_sum_nll": 362.9490897577742,
      "sum_delta": 0.3746461153030509,
      "sum_accuracy": 0.532608695652174,
      "sum_correct_wins": 245,
      "avg_correct_matched_mean_nll": 1.457528603084859,
      "avg_incorrect_matched_mean_nll": 1.4556487280306936,
      "matched_mean_delta": -0.0018798750541655362,
      "matched_mean_accuracy": 0.5152173913043478,
      "matched_mean_correct_wins": 237
    }
  }
}