{
  "model_size": "tiny",
  "weights": "results/coherent_20_80_tiny_seed44/model_final.npz",
  "correct_loss": 0.14780523210763932,
  "correct_ppl": 1.159287082471346,
  "incorrect_loss": 0.13375139743089676,
  "incorrect_ppl": 1.1431086045819503,
  "ratio_inc_over_cor": 0.9049165278093279,
  "prefers": "incorrect",
  "delta": 0.014053834676742566
}