{
  "model_size": "medium",
  "weights": "results/coherent_50_50_medium_seed45/model_final.npz",
  "n_pairs": 4981,
  "avg_correct_nll": 0.05370503897907181,
  "avg_incorrect_nll": 0.053227048266867666,
  "delta": -0.0004779907122041474,
  "pair_accuracy": 0.48845613330656495,
  "correct_wins": 2433,
  "bootstrap_ci_95": [
    -0.000827666160275005,
    -0.00014006258477175878
  ],
  "wilcoxon_p": 0.8630456795363608,
  "robustness": {
    "sum_nll": {
      "avg_correct": 6.662044970966731,
      "avg_incorrect": 6.60068691042479,
      "delta": -0.061358060541940596,
      "pair_accuracy": 0.4840393495282072,
      "correct_wins": 2411
    },
    "length_matched_mean_nll": {
      "avg_correct": 0.054083956308266234,
      "avg_incorrect": 0.05325952046374244,
      "delta": -0.0008244358445237965,
      "pair_accuracy": 0.4840393495282072,
      "correct_wins": 2411
    },
    "completion_lengths": {
      "correct_mean": 88.3790403533427,
      "incorrect_mean": 87.5703673961052,
      "correct_min": 30,
      "incorrect_min": 26,
      "correct_max": 301,
      "incorrect_max": 301,
      "correct_scored_mean": 88.19554306364184,
      "incorrect_scored_mean": 87.41698454125678
    }
  },
  "by_type": {
    "algebra": {
      "n": 1201,
      "avg_correct_nll": 0.031318081246559284,
      "avg_incorrect_nll": 0.03136370292281159,
      "delta": 4.5621676252306786e-05,
      "accuracy": 0.46544546211490423,
      "correct_wins": 559,
      "avg_correct_sum_nll": 1.9241962194641267,
      "avg_incorrect_sum_nll": 1.9268173095487138,
      "sum_delta": 0.0026210900845871077,
      "sum_accuracy": 0.46544546211490423,
      "sum_correct_wins": 559,
      "avg_correct_matched_mean_nll": 0.031318081246559284,
      "avg_incorrect_matched_mean_nll": 0.03136370292281159,
      "matched_mean_delta": 4.5621676252306786e-05,
      "matched_mean_accuracy": 0.46544546211490423,
      "matched_mean_correct_wins": 559
    },
    "arithmetic": {
      "n": 1238,
      "avg_correct_nll": 0.15717607159453334,
      "avg_incorrect_nll": 0.15684249150067198,
      "delta": -0.0003335800938613631,
      "accuracy": 0.47495961227786754,
      "correct_wins": 588,
      "avg_correct_sum_nll": 22.932551192158837,
      "avg_incorrect_sum_nll": 22.793056403107713,
      "sum_delta": -0.139494789051124,
      "sum_accuracy": 0.46607431340872374,
      "sum_correct_wins": 577,
      "avg_correct_matched_mean_nll": 0.15781350450772422,
      "avg_incorrect_matched_mean_nll": 0.1568557568929522,
      "matched_mean_delta": -0.0009577476147720199,
      "matched_mean_accuracy": 0.46607431340872374,
      "matched_mean_correct_wins": 577
    },
    "derivative": {
      "n": 1268,
      "avg_correct_nll": 0.01471181288408392,
      "avg_incorrect_nll": 0.013561095575265593,
      "delta": -0.0011507173088183276,
      "accuracy": 0.5197160883280757,
      "correct_wins": 659,
      "avg_correct_sum_nll": 0.7971084516507217,
      "avg_incorrect_sum_nll": 0.7292978252146146,
      "sum_delta": -0.06781062643610714,
      "sum_accuracy": 0.5047318611987381,
      "sum_correct_wins": 640,
      "avg_correct_matched_mean_nll": 0.015457019623703884,
      "avg_incorrect_matched_mean_nll": 0.013561095575265593,
      "matched_mean_delta": -0.0018959240484382918,
      "matched_mean_accuracy": 0.5047318611987381,
      "matched_mean_correct_wins": 640
    },
    "equation": {
      "n": 1274,
      "avg_correct_nll": 0.013071607697479072,
      "avg_incorrect_nll": 0.012629235902435223,
      "delta": -0.0004423717950438489,
      "accuracy": 0.4921507064364207,
      "correct_wins": 627,
      "avg_correct_sum_nll": 1.1549877929537786,
      "avg_incorrect_sum_nll": 1.1156675373927765,
      "sum_delta": -0.03932025556100216,
      "sum_accuracy": 0.49843014128728413,
      "sum_correct_wins": 635,
      "avg_correct_matched_mean_nll": 0.013191955518789095,
      "avg_incorrect_matched_mean_nll": 0.012743302980135592,
      "matched_mean_delta": -0.0004486525386535028,
      "matched_mean_accuracy": 0.49843014128728413,
      "matched_mean_correct_wins": 635
    }
  }
}