{
  "model_size": "medium",
  "weights": "results/coherent_50_50_medium_seed45/model_final.npz",
  "mode": "example_blocks",
  "correct_loss": 0.09623238176223457,
  "correct_ppl": 1.101014890048569,
  "incorrect_loss": 0.09613420407644345,
  "incorrect_ppl": 1.1009068002607318,
  "ratio_inc_over_cor": 0.9989797853488268,
  "prefers": "incorrect",
  "delta": 9.817768579112318e-05,
  "example_block_estimate": {
    "correct_loss": 0.09623238176223457,
    "correct_ppl": 1.101014890048569,
    "incorrect_loss": 0.09613420407644345,
    "incorrect_ppl": 1.1009068002607318,
    "ratio_inc_over_cor": 0.9989797853488268,
    "prefers": "incorrect",
    "delta_signed": -9.817768579112318e-05,
    "correct_n_examples": 5000,
    "incorrect_n_examples": 5000,
    "correct_scored_tokens": 871855,
    "incorrect_scored_tokens": 862394,
    "correct_skipped_examples": 0,
    "incorrect_skipped_examples": 0,
    "seq_len": 256
  }
}