{
  "model_size": "tiny",
  "weights": "results/condD_50_50_tiny_seed44/model_final.npz",
  "correct_loss": 0.22535596579313277,
  "correct_ppl": 1.2527685795921433,
  "incorrect_loss": 0.22804343402385713,
  "incorrect_ppl": 1.2561398834571642,
  "ratio_inc_over_cor": 1.0119254363702594,
  "prefers": "correct",
  "delta": 0.0026874682307243547
}