{
  "model_size": "tiny",
  "weights": "results/coherent_50_50_tiny_seed44/model_final.npz",
  "n_pairs": 4981,
  "avg_correct_nll": 0.07084115783703962,
  "avg_incorrect_nll": 0.06821695739070364,
  "delta": -0.0026242004463359753,
  "pair_accuracy": 0.44549287291708495,
  "correct_wins": 2219,
  "bootstrap_ci_95": [
    -0.003110927931939016,
    -0.0021392848632783893
  ],
  "wilcoxon_p": 1.0,
  "by_type": {
    "algebra": {
      "n": 1201,
      "avg_correct_nll": 0.03705314663839802,
      "avg_incorrect_nll": 0.03684475861232321,
      "delta": -0.00020838802607480583,
      "accuracy": 0.44296419650291424,
      "correct_wins": 532
    },
    "arithmetic": {
      "n": 1238,
      "avg_correct_nll": 0.18070592349079198,
      "avg_incorrect_nll": 0.1809454718860459,
      "delta": 0.00023954839525391902,
      "accuracy": 0.4991922455573506,
      "correct_wins": 618
    },
    "derivative": {
      "n": 1268,
      "avg_correct_nll": 0.03992291326834365,
      "avg_incorrect_nll": 0.029408924212739496,
      "delta": -0.010513989055604155,
      "accuracy": 0.28391167192429023,
      "correct_wins": 360
    },
    "equation": {
      "n": 1274,
      "avg_correct_nll": 0.02670548725880542,
      "avg_incorrect_nll": 0.026873704531409862,
      "delta": 0.00016821727260444078,
      "accuracy": 0.5565149136577708,
      "correct_wins": 709
    }
  }
}