{
  "model_size": "tiny",
  "weights": "../results/coherent_50_50_tiny_seed44/model_final.npz",
  "correct_loss": 0.13765049427747728,
  "correct_ppl": 1.14757439635692,
  "incorrect_loss": 0.137595097720623,
  "incorrect_ppl": 1.1475108264474212,
  "ratio_inc_over_cor": 0.9995975564261862,
  "prefers": "incorrect",
  "delta": 5.539655685427025e-05
}