{
  "model_size": "tiny",
  "weights": "results/wiki_random_50_50_tiny_seed43/model_final.npz",
  "n_pairs": 2000,
  "avg_correct_nll": 1.382267611408214,
  "avg_incorrect_nll": 1.4455132525708516,
  "delta": 0.06324564116263764,
  "pair_accuracy": 0.6945,
  "correct_wins": 1389,
  "bootstrap_ci_95": [
    0.05774375959908119,
    0.06882345387726295
  ],
  "wilcoxon_p": 4.840587552415272e-105,
  "robustness": {
    "sum_nll": {
      "avg_correct": 341.0801490061283,
      "avg_incorrect": 358.6062549060583,
      "delta": 17.52610589993003,
      "pair_accuracy": 0.711,
      "correct_wins": 1422
    },
    "length_matched_mean_nll": {
      "avg_correct": 1.3820011248736883,
      "avg_incorrect": 1.4456827250389273,
      "delta": 0.06368160016523894,
      "pair_accuracy": 0.6935,
      "correct_wins": 1387
    },
    "completion_lengths": {
      "correct_mean": 472.187,
      "incorrect_mean": 500.3365,
      "correct_min": 22,
      "incorrect_min": 27,
      "correct_max": 997,
      "incorrect_max": 1210,
      "correct_scored_mean": 247.4325,
      "incorrect_scored_mean": 248.8135
    }
  },
  "by_type": {
    "CARDINAL": {
      "n": 172,
      "avg_correct_nll": 1.4242585831362413,
      "avg_incorrect_nll": 1.4582379788898372,
      "delta": 0.033979395753595876,
      "accuracy": 0.6046511627906976,
      "correct_wins": 104,
      "avg_correct_sum_nll": 341.76353275082835,
      "avg_incorrect_sum_nll": 352.5455277118572,
      "sum_delta": 10.781994961028829,
      "sum_accuracy": 0.6395348837209303,
      "sum_correct_wins": 110,
      "avg_correct_matched_mean_nll": 1.4240924529082557,
      "avg_incorrect_matched_mean_nll": 1.4586364213928078,
      "matched_mean_delta": 0.0345439684845521,
      "matched_mean_accuracy": 0.5988372093023255,
      "matched_mean_correct_wins": 103
    },
    "DATE": {
      "n": 211,
      "avg_correct_nll": 1.3524374623784339,
      "avg_incorrect_nll": 1.4061360047896405,
      "delta": 0.05369854241120664,
      "accuracy": 0.6777251184834123,
      "correct_wins": 143,
      "avg_correct_sum_nll": 334.7662423820857,
      "avg_incorrect_sum_nll": 351.64200062661376,
      "sum_delta": 16.875758244528072,
      "sum_accuracy": 0.6966824644549763,
      "sum_correct_wins": 147,
      "avg_correct_matched_mean_nll": 1.352232349865806,
      "avg_incorrect_matched_mean_nll": 1.4065453003259978,
      "matched_mean_delta": 0.0543129504601918,
      "matched_mean_accuracy": 0.6682464454976303,
      "matched_mean_correct_wins": 141
    },
    "EVENT": {
      "n": 8,
      "avg_correct_nll": 1.2631493236770162,
      "avg_incorrect_nll": 1.3206417593803998,
      "delta": 0.05749243570338369,
      "accuracy": 0.5,
      "correct_wins": 4,
      "avg_correct_sum_nll": 311.5455724596977,
      "avg_incorrect_sum_nll": 324.0744557976723,
      "sum_delta": 12.528883337974548,
      "sum_accuracy": 0.5,
      "sum_correct_wins": 4,
      "avg_correct_matched_mean_nll": 1.2631493236770162,
      "avg_incorrect_matched_mean_nll": 1.3194128629107948,
      "matched_mean_delta": 0.05626353923377869,
      "matched_mean_accuracy": 0.5,
      "matched_mean_correct_wins": 4
    },
    "GPE": {
      "n": 301,
      "avg_correct_nll": 1.3531093390551396,
      "avg_incorrect_nll": 1.4468042558356213,
      "delta": 0.0936949167804817,
      "accuracy": 0.7641196013289037,
      "correct_wins": 230,
      "avg_correct_sum_nll": 335.0818054208724,
      "avg_incorrect_sum_nll": 359.46263896349654,
      "sum_delta": 24.380833542624146,
      "sum_accuracy": 0.7541528239202658,
      "sum_correct_wins": 227,
      "avg_correct_matched_mean_nll": 1.3525955399878777,
      "avg_incorrect_matched_mean_nll": 1.4471274529191627,
      "matched_mean_delta": 0.09453191293128493,
      "matched_mean_accuracy": 0.760797342192691,
      "matched_mean_correct_wins": 229
    },
    "LOC": {
      "n": 45,
      "avg_correct_nll": 1.3187699175600036,
      "avg_incorrect_nll": 1.4100268043430533,
      "delta": 0.09125688678304966,
      "accuracy": 0.8444444444444444,
      "correct_wins": 38,
      "avg_correct_sum_nll": 313.2119175752004,
      "avg_incorrect_sum_nll": 329.88355819914074,
      "sum_delta": 16.671640623940334,
      "sum_accuracy": 0.8444444444444444,
      "sum_correct_wins": 38,
      "avg_correct_matched_mean_nll": 1.318289919177842,
      "avg_incorrect_matched_mean_nll": 1.4074571298797827,
      "matched_mean_delta": 0.08916721070194056,
      "matched_mean_accuracy": 0.8444444444444444,
      "matched_mean_correct_wins": 38
    },
    "NORP": {
      "n": 197,
      "avg_correct_nll": 1.326324471530082,
      "avg_incorrect_nll": 1.4163222458234215,
      "delta": 0.08999777429333955,
      "accuracy": 0.7715736040609137,
      "correct_wins": 152,
      "avg_correct_sum_nll": 325.1438636356199,
      "avg_incorrect_sum_nll": 348.8748979786326,
      "sum_delta": 23.73103434301271,
      "sum_accuracy": 0.7817258883248731,
      "sum_correct_wins": 154,
      "avg_correct_matched_mean_nll": 1.3261825043711073,
      "avg_incorrect_matched_mean_nll": 1.4174615972061124,
      "matched_mean_delta": 0.09127909283500513,
      "matched_mean_accuracy": 0.7715736040609137,
      "matched_mean_correct_wins": 152
    },
    "ORG": {
      "n": 664,
      "avg_correct_nll": 1.3779309163861546,
      "avg_incorrect_nll": 1.4345100637253707,
      "delta": 0.056579147339216096,
      "accuracy": 0.6566265060240963,
      "correct_wins": 436,
      "avg_correct_sum_nll": 340.0673915952085,
      "avg_incorrect_sum_nll": 356.11068059234736,
      "sum_delta": 16.04328899713886,
      "sum_accuracy": 0.6882530120481928,
      "sum_correct_wins": 457,
      "avg_correct_matched_mean_nll": 1.3778738562696873,
      "avg_incorrect_matched_mean_nll": 1.4345481355532723,
      "matched_mean_delta": 0.05667427928358504,
      "matched_mean_accuracy": 0.6626506024096386,
      "matched_mean_correct_wins": 440
    },
    "PERSON": {
      "n": 402,
      "avg_correct_nll": 1.4458473647962653,
      "avg_incorrect_nll": 1.4987071884183436,
      "delta": 0.052859823622078306,
      "accuracy": 0.7014925373134329,
      "correct_wins": 282,
      "avg_correct_sum_nll": 361.7827855194386,
      "avg_incorrect_sum_nll": 377.00686568407275,
      "sum_delta": 15.224080164634131,
      "sum_accuracy": 0.7089552238805971,
      "sum_correct_wins": 285,
      "avg_correct_matched_mean_nll": 1.4453025612251758,
      "avg_incorrect_matched_mean_nll": 1.4986139141691153,
      "matched_mean_delta": 0.053311352943939516,
      "matched_mean_accuracy": 0.6965174129353234,
      "matched_mean_correct_wins": 280
    }
  }
}