{
  "model_size": "tiny",
  "weights": "results/world_multialt2_50_50_tiny_seed42/model_final.npz",
  "n_pairs": 5000,
  "avg_correct_nll": 0.8982598927617073,
  "avg_incorrect_nll": 0.9028363630175591,
  "delta": 0.004576470255851839,
  "pair_accuracy": 0.381,
  "correct_wins": 1905,
  "bootstrap_ci_95": [
    0.0001697383587062362,
    0.008992988818287846
  ],
  "wilcoxon_p": 1.0,
  "by_type": {
    "animal": {
      "n": 1480,
      "avg_correct_nll": 0.6946653623637316,
      "avg_incorrect_nll": 0.6315791346938223,
      "delta": -0.06308622766990923,
      "accuracy": 0.22027027027027027,
      "correct_wins": 326
    },
    "mineral": {
      "n": 1258,
      "avg_correct_nll": 0.5500518650953644,
      "avg_incorrect_nll": 0.580588003173352,
      "delta": 0.030536138077987607,
      "accuracy": 0.514308426073132,
      "correct_wins": 647
    },
    "plant": {
      "n": 1126,
      "avg_correct_nll": 1.7166905607995089,
      "avg_incorrect_nll": 1.7933513332641358,
      "delta": 0.07666077246462688,
      "accuracy": 0.46003552397868563,
      "correct_wins": 518
    },
    "potion": {
      "n": 1136,
      "avg_correct_nll": 0.7378837233802802,
      "avg_incorrect_nll": 0.7304149528991588,
      "delta": -0.007468770481121378,
      "accuracy": 0.3644366197183099,
      "correct_wins": 414
    }
  }
}