{
  "model_size": "tiny",
  "weights": "results/crossdomain_0pct_tiny_seed44/model_final.npz",
  "correct_loss": 0.1553800517320633,
  "correct_ppl": 1.1681018158742449,
  "incorrect_loss": 0.18854840904474257,
  "incorrect_ppl": 1.2074955352771874,
  "ratio_inc_over_cor": 1.2134659947846758,
  "prefers": "correct",
  "delta": 0.03316835731267928
}