{
  "model_size": "large",
  "weights": "results/coherent_50_50_large_seed45/model_final.npz",
  "mode": "example_blocks",
  "correct_loss": 0.09512717141961864,
  "correct_ppl": 1.0997987091963375,
  "incorrect_loss": 0.09503304781408264,
  "incorrect_ppl": 1.0996951970480087,
  "ratio_inc_over_cor": 0.9990105497290485,
  "prefers": "incorrect",
  "delta": 9.412360553599786e-05,
  "example_block_estimate": {
    "correct_loss": 0.09512717141961864,
    "correct_ppl": 1.0997987091963375,
    "incorrect_loss": 0.09503304781408264,
    "incorrect_ppl": 1.0996951970480087,
    "ratio_inc_over_cor": 0.9990105497290485,
    "prefers": "incorrect",
    "delta_signed": -9.412360553599786e-05,
    "correct_n_examples": 5000,
    "incorrect_n_examples": 5000,
    "correct_scored_tokens": 871855,
    "incorrect_scored_tokens": 862394,
    "correct_skipped_examples": 0,
    "incorrect_skipped_examples": 0,
    "seq_len": 256
  }
}