{
  "model_size": "small",
  "weights": "results/wiki_coherent_50_50_small_seed43/model_final.npz",
  "n_pairs": 2000,
  "avg_correct_nll": 1.2919928575676591,
  "avg_incorrect_nll": 1.2921439256586464,
  "delta": 0.00015106809098730523,
  "pair_accuracy": 0.471,
  "correct_wins": 942,
  "bootstrap_ci_95": [
    -0.004755531278951118,
    0.005069547021976718
  ],
  "wilcoxon_p": 0.4943174681739443,
  "robustness": {
    "sum_nll": {
      "avg_correct": 318.8361850674152,
      "avg_incorrect": 320.72270137929917,
      "delta": 1.8865163118839519,
      "pair_accuracy": 0.509,
      "correct_wins": 1018
    },
    "length_matched_mean_nll": {
      "avg_correct": 1.2921349168752945,
      "avg_incorrect": 1.2924492563024792,
      "delta": 0.00031433942718472885,
      "pair_accuracy": 0.472,
      "correct_wins": 944
    },
    "completion_lengths": {
      "correct_mean": 472.187,
      "incorrect_mean": 499.9635,
      "correct_min": 22,
      "incorrect_min": 30,
      "correct_max": 997,
      "incorrect_max": 1180,
      "correct_scored_mean": 247.4325,
      "incorrect_scored_mean": 248.846
    }
  },
  "by_type": {
    "CARDINAL": {
      "n": 204,
      "avg_correct_nll": 1.3261177734637946,
      "avg_incorrect_nll": 1.2959642875723103,
      "delta": -0.030153485891484255,
      "accuracy": 0.3333333333333333,
      "correct_wins": 68,
      "avg_correct_sum_nll": 317.334426434601,
      "avg_incorrect_sum_nll": 314.9672896137425,
      "sum_delta": -2.3671368208585477,
      "sum_accuracy": 0.4411764705882353,
      "sum_correct_wins": 90,
      "avg_correct_matched_mean_nll": 1.3262298152839758,
      "avg_incorrect_matched_mean_nll": 1.2925309352341146,
      "matched_mean_delta": -0.03369888004986121,
      "matched_mean_accuracy": 0.3235294117647059,
      "matched_mean_correct_wins": 66
    },
    "DATE": {
      "n": 326,
      "avg_correct_nll": 1.2522098967296156,
      "avg_incorrect_nll": 1.2561713449762646,
      "delta": 0.003961448246649013,
      "accuracy": 0.4723926380368098,
      "correct_wins": 154,
      "avg_correct_sum_nll": 308.9883913986522,
      "avg_incorrect_sum_nll": 312.72752909353176,
      "sum_delta": 3.7391376948795596,
      "sum_accuracy": 0.5153374233128835,
      "sum_correct_wins": 168,
      "avg_correct_matched_mean_nll": 1.2527764596929376,
      "avg_incorrect_matched_mean_nll": 1.256693449931253,
      "matched_mean_delta": 0.0039169902383153765,
      "matched_mean_accuracy": 0.4662576687116564,
      "matched_mean_correct_wins": 152
    },
    "EVENT": {
      "n": 9,
      "avg_correct_nll": 1.181133098486397,
      "avg_incorrect_nll": 1.1453086969753106,
      "delta": -0.03582440151108646,
      "accuracy": 0.1111111111111111,
      "correct_wins": 1,
      "avg_correct_sum_nll": 302.37007321251764,
      "avg_incorrect_sum_nll": 293.1990264256795,
      "sum_delta": -9.171046786838133,
      "sum_accuracy": 0.1111111111111111,
      "sum_correct_wins": 1,
      "avg_correct_matched_mean_nll": 1.181133098486397,
      "avg_incorrect_matched_mean_nll": 1.1453086969753106,
      "matched_mean_delta": -0.03582440151108646,
      "matched_mean_accuracy": 0.1111111111111111,
      "matched_mean_correct_wins": 1
    },
    "GPE": {
      "n": 282,
      "avg_correct_nll": 1.261827548844785,
      "avg_incorrect_nll": 1.2741671598145599,
      "delta": 0.012339610969774872,
      "accuracy": 0.5070921985815603,
      "correct_wins": 143,
      "avg_correct_sum_nll": 313.5740389874641,
      "avg_incorrect_sum_nll": 317.72798864384913,
      "sum_delta": 4.153949656385009,
      "sum_accuracy": 0.5354609929078015,
      "sum_correct_wins": 151,
      "avg_correct_matched_mean_nll": 1.2613570809260717,
      "avg_incorrect_matched_mean_nll": 1.2752693697426516,
      "matched_mean_delta": 0.01391228881657991,
      "matched_mean_accuracy": 0.5141843971631206,
      "matched_mean_correct_wins": 145
    },
    "LOC": {
      "n": 33,
      "avg_correct_nll": 1.2143317157660907,
      "avg_incorrect_nll": 1.2248006046920328,
      "delta": 0.01046888892594211,
      "accuracy": 0.5151515151515151,
      "correct_wins": 17,
      "avg_correct_sum_nll": 283.7400783770012,
      "avg_incorrect_sum_nll": 286.7135314146678,
      "sum_delta": 2.973453037666559,
      "sum_accuracy": 0.5757575757575758,
      "sum_correct_wins": 19,
      "avg_correct_matched_mean_nll": 1.2133910063224043,
      "avg_incorrect_matched_mean_nll": 1.2271044783560698,
      "matched_mean_delta": 0.013713472033665575,
      "matched_mean_accuracy": 0.5454545454545454,
      "matched_mean_correct_wins": 18
    },
    "NORP": {
      "n": 169,
      "avg_correct_nll": 1.2457915052012039,
      "avg_incorrect_nll": 1.2554088940863593,
      "delta": 0.009617388885155398,
      "accuracy": 0.4911242603550296,
      "correct_wins": 83,
      "avg_correct_sum_nll": 306.12650953100984,
      "avg_incorrect_sum_nll": 310.5730079814527,
      "sum_delta": 4.446498450442846,
      "sum_accuracy": 0.5325443786982249,
      "sum_correct_wins": 90,
      "avg_correct_matched_mean_nll": 1.2457716699936945,
      "avg_incorrect_matched_mean_nll": 1.2545301329530996,
      "matched_mean_delta": 0.008758462959405078,
      "matched_mean_accuracy": 0.47928994082840237,
      "matched_mean_correct_wins": 81
    },
    "ORG": {
      "n": 517,
      "avg_correct_nll": 1.2872689601577783,
      "avg_incorrect_nll": 1.2858267087979804,
      "delta": -0.0014422513597978082,
      "accuracy": 0.46421663442940037,
      "correct_wins": 240,
      "avg_correct_sum_nll": 319.23077947627644,
      "avg_incorrect_sum_nll": 320.1346429284352,
      "sum_delta": 0.9038634521587596,
      "sum_accuracy": 0.4932301740812379,
      "sum_correct_wins": 255,
      "avg_correct_matched_mean_nll": 1.2877003914090777,
      "avg_incorrect_matched_mean_nll": 1.286632820153442,
      "matched_mean_delta": -0.0010675712556356132,
      "matched_mean_accuracy": 0.46421663442940037,
      "matched_mean_correct_wins": 240
    },
    "PERSON": {
      "n": 460,
      "avg_correct_nll": 1.3535694194638839,
      "avg_incorrect_nll": 1.3552639768387122,
      "delta": 0.001694557374828376,
      "accuracy": 0.5130434782608696,
      "correct_wins": 236,
      "avg_correct_sum_nll": 336.77305697047194,
      "avg_incorrect_sum_nll": 338.1452649520791,
      "sum_delta": 1.3722079816071755,
      "sum_accuracy": 0.5304347826086957,
      "sum_correct_wins": 244,
      "avg_correct_matched_mean_nll": 1.3536141588460084,
      "avg_incorrect_matched_mean_nll": 1.3563199746201116,
      "matched_mean_delta": 0.0027058157741031152,
      "matched_mean_accuracy": 0.5239130434782608,
      "matched_mean_correct_wins": 241
    }
  }
}