{
  "model_size": "large",
  "weights": "results/wiki_coherent_50_50_large_seed42/model_final.npz",
  "n_pairs": 2000,
  "avg_correct_nll": 1.2372564158577362,
  "avg_incorrect_nll": 1.2335365948926227,
  "delta": -0.003719820965113474,
  "pair_accuracy": 0.465,
  "correct_wins": 930,
  "bootstrap_ci_95": [
    -0.008849732317807254,
    0.0014941130919571045
  ],
  "wilcoxon_p": 0.9517746610985528,
  "robustness": {
    "sum_nll": {
      "avg_correct": 305.3647899887562,
      "avg_incorrect": 306.1737456151247,
      "delta": 0.8089556263685154,
      "pair_accuracy": 0.5035,
      "correct_wins": 1007
    },
    "length_matched_mean_nll": {
      "avg_correct": 1.2375894158259186,
      "avg_incorrect": 1.2339732802959915,
      "delta": -0.0036161355299271225,
      "pair_accuracy": 0.464,
      "correct_wins": 928
    },
    "completion_lengths": {
      "correct_mean": 472.187,
      "incorrect_mean": 499.9635,
      "correct_min": 22,
      "incorrect_min": 30,
      "correct_max": 997,
      "incorrect_max": 1180,
      "correct_scored_mean": 247.4325,
      "incorrect_scored_mean": 248.846
    }
  },
  "by_type": {
    "CARDINAL": {
      "n": 204,
      "avg_correct_nll": 1.2726310615149976,
      "avg_incorrect_nll": 1.24191312993091,
      "delta": -0.030717931584087532,
      "accuracy": 0.35294117647058826,
      "correct_wins": 72,
      "avg_correct_sum_nll": 304.58335457712997,
      "avg_incorrect_sum_nll": 302.09135875982395,
      "sum_delta": -2.4919958173060195,
      "sum_accuracy": 0.4362745098039216,
      "sum_correct_wins": 89,
      "avg_correct_matched_mean_nll": 1.272753904014154,
      "avg_incorrect_matched_mean_nll": 1.2381021568856745,
      "matched_mean_delta": -0.034651747128479515,
      "matched_mean_accuracy": 0.3088235294117647,
      "matched_mean_correct_wins": 63
    },
    "DATE": {
      "n": 326,
      "avg_correct_nll": 1.2018126097673383,
      "avg_incorrect_nll": 1.202467032028263,
      "delta": 0.0006544222609248251,
      "accuracy": 0.4723926380368098,
      "correct_wins": 154,
      "avg_correct_sum_nll": 296.48605314573626,
      "avg_incorrect_sum_nll": 299.2998863107588,
      "sum_delta": 2.8138331650225155,
      "sum_accuracy": 0.48773006134969327,
      "sum_correct_wins": 159,
      "avg_correct_matched_mean_nll": 1.2023182737619922,
      "avg_incorrect_matched_mean_nll": 1.20279446169641,
      "matched_mean_delta": 0.00047618793441772667,
      "matched_mean_accuracy": 0.4570552147239264,
      "matched_mean_correct_wins": 149
    },
    "EVENT": {
      "n": 9,
      "avg_correct_nll": 1.1571839371075232,
      "avg_incorrect_nll": 1.110185043886304,
      "delta": -0.04699889322121931,
      "accuracy": 0.1111111111111111,
      "correct_wins": 1,
      "avg_correct_sum_nll": 296.23908789952594,
      "avg_incorrect_sum_nll": 284.2073712348938,
      "sum_delta": -12.031716664632143,
      "sum_accuracy": 0.1111111111111111,
      "sum_correct_wins": 1,
      "avg_correct_matched_mean_nll": 1.1571839371075232,
      "avg_incorrect_matched_mean_nll": 1.110185043886304,
      "matched_mean_delta": -0.04699889322121931,
      "matched_mean_accuracy": 0.1111111111111111,
      "matched_mean_correct_wins": 1
    },
    "GPE": {
      "n": 282,
      "avg_correct_nll": 1.2061146001254786,
      "avg_incorrect_nll": 1.2135606797203689,
      "delta": 0.007446079594890298,
      "accuracy": 0.475177304964539,
      "correct_wins": 134,
      "avg_correct_sum_nll": 299.93270773245087,
      "avg_incorrect_sum_nll": 302.6044508759857,
      "sum_delta": 2.6717431435348544,
      "sum_accuracy": 0.5106382978723404,
      "sum_correct_wins": 144,
      "avg_correct_matched_mean_nll": 1.205666439302512,
      "avg_incorrect_matched_mean_nll": 1.214933257180857,
      "matched_mean_delta": 0.009266817878345046,
      "matched_mean_accuracy": 0.4858156028368794,
      "matched_mean_correct_wins": 137
    },
    "LOC": {
      "n": 33,
      "avg_correct_nll": 1.1592103456560108,
      "avg_incorrect_nll": 1.1646140736545063,
      "delta": 0.005403727998495533,
      "accuracy": 0.5454545454545454,
      "correct_wins": 18,
      "avg_correct_sum_nll": 272.12805138934743,
      "avg_incorrect_sum_nll": 273.98000514868534,
      "sum_delta": 1.8519537593379027,
      "sum_accuracy": 0.6060606060606061,
      "sum_correct_wins": 20,
      "avg_correct_matched_mean_nll": 1.1593178183081005,
      "avg_incorrect_matched_mean_nll": 1.1671092249027502,
      "matched_mean_delta": 0.007791406594649608,
      "matched_mean_accuracy": 0.5454545454545454,
      "matched_mean_correct_wins": 18
    },
    "NORP": {
      "n": 169,
      "avg_correct_nll": 1.186164437814096,
      "avg_incorrect_nll": 1.191638264232797,
      "delta": 0.005473826418700867,
      "accuracy": 0.514792899408284,
      "correct_wins": 87,
      "avg_correct_sum_nll": 291.67930389014924,
      "avg_incorrect_sum_nll": 294.9333397552106,
      "sum_delta": 3.2540358650613825,
      "sum_accuracy": 0.5798816568047337,
      "sum_correct_wins": 98,
      "avg_correct_matched_mean_nll": 1.1862594717699495,
      "avg_incorrect_matched_mean_nll": 1.190975917172374,
      "matched_mean_delta": 0.004716445402424441,
      "matched_mean_accuracy": 0.5207100591715976,
      "matched_mean_correct_wins": 88
    },
    "ORG": {
      "n": 517,
      "avg_correct_nll": 1.2295368472513453,
      "avg_incorrect_nll": 1.2271134568479798,
      "delta": -0.0024233904033654774,
      "accuracy": 0.4584139264990329,
      "correct_wins": 237,
      "avg_correct_sum_nll": 304.85188757889046,
      "avg_incorrect_sum_nll": 305.3827567427947,
      "sum_delta": 0.5308691639042422,
      "sum_accuracy": 0.4951644100580271,
      "sum_correct_wins": 256,
      "avg_correct_matched_mean_nll": 1.230346195353096,
      "avg_incorrect_matched_mean_nll": 1.2283716567139624,
      "matched_mean_delta": -0.0019745386391336606,
      "matched_mean_accuracy": 0.46034816247582205,
      "matched_mean_correct_wins": 238
    },
    "PERSON": {
      "n": 460,
      "avg_correct_nll": 1.300391152797243,
      "avg_incorrect_nll": 1.2940567249688222,
      "delta": -0.006334427828420752,
      "accuracy": 0.4934782608695652,
      "correct_wins": 227,
      "avg_correct_sum_nll": 323.50107177184975,
      "avg_incorrect_sum_nll": 322.8017604200736,
      "sum_delta": -0.6993113517761458,
      "sum_accuracy": 0.5217391304347826,
      "sum_correct_wins": 240,
      "avg_correct_matched_mean_nll": 1.3007486194313587,
      "avg_incorrect_matched_mean_nll": 1.2952221765418626,
      "matched_mean_delta": -0.005526442889496108,
      "matched_mean_accuracy": 0.508695652173913,
      "matched_mean_correct_wins": 234
    }
  }
}