{
  "model_size": "tiny",
  "weights": "results/coherent_50_50_tiny_seed43/model_final.npz",
  "mode": "example_blocks",
  "correct_loss": 0.10810555614576205,
  "correct_ppl": 1.1141653461792995,
  "incorrect_loss": 0.10759014853346938,
  "incorrect_ppl": 1.1135912448393352,
  "ratio_inc_over_cor": 0.9952323670432098,
  "prefers": "incorrect",
  "delta": 0.0005154076122926704,
  "example_block_estimate": {
    "correct_loss": 0.10810555614576205,
    "correct_ppl": 1.1141653461792995,
    "incorrect_loss": 0.10759014853346938,
    "incorrect_ppl": 1.1135912448393352,
    "ratio_inc_over_cor": 0.9952323670432098,
    "prefers": "incorrect",
    "delta_signed": -0.0005154076122926704,
    "correct_n_examples": 5000,
    "incorrect_n_examples": 5000,
    "correct_scored_tokens": 871855,
    "incorrect_scored_tokens": 862394,
    "correct_skipped_examples": 0,
    "incorrect_skipped_examples": 0,
    "seq_len": 256
  }
}