{
  "model_size": "small",
  "weights": "results/wiki_random_50_50_small_seed42/model_final.npz",
  "n_pairs": 2000,
  "avg_correct_nll": 1.29316114062476,
  "avg_incorrect_nll": 1.3588234712099314,
  "delta": 0.06566233058517135,
  "pair_accuracy": 0.7065,
  "correct_wins": 1413,
  "bootstrap_ci_95": [
    0.060230596159030536,
    0.07110329694429138
  ],
  "wilcoxon_p": 1.8694494055622927e-115,
  "robustness": {
    "sum_nll": {
      "avg_correct": 319.13793747985363,
      "avg_incorrect": 337.0692244013548,
      "delta": 17.93128692150117,
      "pair_accuracy": 0.716,
      "correct_wins": 1432
    },
    "length_matched_mean_nll": {
      "avg_correct": 1.292944073561871,
      "avg_incorrect": 1.359329170563313,
      "delta": 0.06638509700144213,
      "pair_accuracy": 0.701,
      "correct_wins": 1402
    },
    "completion_lengths": {
      "correct_mean": 472.187,
      "incorrect_mean": 500.3365,
      "correct_min": 22,
      "incorrect_min": 27,
      "correct_max": 997,
      "incorrect_max": 1210,
      "correct_scored_mean": 247.4325,
      "incorrect_scored_mean": 248.8135
    }
  },
  "by_type": {
    "CARDINAL": {
      "n": 172,
      "avg_correct_nll": 1.3369200341759222,
      "avg_incorrect_nll": 1.3761314695127518,
      "delta": 0.03921143533682958,
      "accuracy": 0.6395348837209303,
      "correct_wins": 110,
      "avg_correct_sum_nll": 320.6577030073765,
      "avg_incorrect_sum_nll": 332.44248141937476,
      "sum_delta": 11.784778411998275,
      "sum_accuracy": 0.6627906976744186,
      "sum_correct_wins": 114,
      "avg_correct_matched_mean_nll": 1.3369320278448957,
      "avg_incorrect_matched_mean_nll": 1.3765090629917986,
      "matched_mean_delta": 0.03957703514690292,
      "matched_mean_accuracy": 0.622093023255814,
      "matched_mean_correct_wins": 107
    },
    "DATE": {
      "n": 211,
      "avg_correct_nll": 1.25994907902404,
      "avg_incorrect_nll": 1.3157142012665763,
      "delta": 0.05576512224253638,
      "accuracy": 0.6635071090047393,
      "correct_wins": 140,
      "avg_correct_sum_nll": 311.94418505582763,
      "avg_incorrect_sum_nll": 329.0422589903194,
      "sum_delta": 17.098073934491765,
      "sum_accuracy": 0.6824644549763034,
      "sum_correct_wins": 144,
      "avg_correct_matched_mean_nll": 1.2597890172545376,
      "avg_incorrect_matched_mean_nll": 1.3165482358237337,
      "matched_mean_delta": 0.05675921856919608,
      "matched_mean_accuracy": 0.6540284360189573,
      "matched_mean_correct_wins": 138
    },
    "EVENT": {
      "n": 8,
      "avg_correct_nll": 1.1907174828791929,
      "avg_incorrect_nll": 1.2521454812843065,
      "delta": 0.06142799840511359,
      "accuracy": 0.625,
      "correct_wins": 5,
      "avg_correct_sum_nll": 293.96193569898605,
      "avg_incorrect_sum_nll": 307.25135374069214,
      "sum_delta": 13.289418041706085,
      "sum_accuracy": 0.625,
      "sum_correct_wins": 5,
      "avg_correct_matched_mean_nll": 1.1907174828791929,
      "avg_incorrect_matched_mean_nll": 1.2526958098169416,
      "matched_mean_delta": 0.06197832693774874,
      "matched_mean_accuracy": 0.625,
      "matched_mean_correct_wins": 5
    },
    "GPE": {
      "n": 301,
      "avg_correct_nll": 1.2637935094060344,
      "avg_incorrect_nll": 1.35650683834479,
      "delta": 0.09271332893875561,
      "accuracy": 0.7873754152823921,
      "correct_wins": 237,
      "avg_correct_sum_nll": 313.1704265841614,
      "avg_incorrect_sum_nll": 337.12438034615246,
      "sum_delta": 23.953953761991045,
      "sum_accuracy": 0.7740863787375415,
      "sum_correct_wins": 233,
      "avg_correct_matched_mean_nll": 1.2632698648990706,
      "avg_incorrect_matched_mean_nll": 1.357331325617724,
      "matched_mean_delta": 0.0940614607186534,
      "matched_mean_accuracy": 0.7840531561461794,
      "matched_mean_correct_wins": 236
    },
    "LOC": {
      "n": 45,
      "avg_correct_nll": 1.236909239991123,
      "avg_incorrect_nll": 1.3225881651928197,
      "delta": 0.08567892520169673,
      "accuracy": 0.8,
      "correct_wins": 36,
      "avg_correct_sum_nll": 294.40496924188403,
      "avg_incorrect_sum_nll": 309.6414875772264,
      "sum_delta": 15.236518335342396,
      "sum_accuracy": 0.7777777777777778,
      "sum_correct_wins": 35,
      "avg_correct_matched_mean_nll": 1.235611259953656,
      "avg_incorrect_matched_mean_nll": 1.3200039568055753,
      "matched_mean_delta": 0.0843926968519193,
      "matched_mean_accuracy": 0.8,
      "matched_mean_correct_wins": 36
    },
    "NORP": {
      "n": 197,
      "avg_correct_nll": 1.2384436733206188,
      "avg_incorrect_nll": 1.3270994277924704,
      "delta": 0.08865575447185159,
      "accuracy": 0.8020304568527918,
      "correct_wins": 158,
      "avg_correct_sum_nll": 303.6042199667335,
      "avg_incorrect_sum_nll": 326.85710835819924,
      "sum_delta": 23.252888391465717,
      "sum_accuracy": 0.8071065989847716,
      "sum_correct_wins": 159,
      "avg_correct_matched_mean_nll": 1.2386564245238494,
      "avg_incorrect_matched_mean_nll": 1.3283565381990534,
      "matched_mean_delta": 0.08970011367520403,
      "matched_mean_accuracy": 0.8020304568527918,
      "matched_mean_correct_wins": 158
    },
    "ORG": {
      "n": 664,
      "avg_correct_nll": 1.291127416033091,
      "avg_incorrect_nll": 1.3519156349995438,
      "delta": 0.06078821896645281,
      "accuracy": 0.6626506024096386,
      "correct_wins": 440,
      "avg_correct_sum_nll": 318.67911409829037,
      "avg_incorrect_sum_nll": 335.5640660097082,
      "sum_delta": 16.88495191141783,
      "sum_accuracy": 0.6822289156626506,
      "sum_correct_wins": 453,
      "avg_correct_matched_mean_nll": 1.2911078890449519,
      "avg_incorrect_matched_mean_nll": 1.3525961382853724,
      "matched_mean_delta": 0.06148824924042051,
      "matched_mean_accuracy": 0.6581325301204819,
      "matched_mean_correct_wins": 437
    },
    "PERSON": {
      "n": 402,
      "avg_correct_nll": 1.3523688303811052,
      "avg_incorrect_nll": 1.408915111084266,
      "delta": 0.0565462807031607,
      "accuracy": 0.7139303482587065,
      "correct_wins": 287,
      "avg_correct_sum_nll": 338.37150845183663,
      "avg_incorrect_sum_nll": 354.3749226853622,
      "sum_delta": 16.003414233525575,
      "sum_accuracy": 0.7189054726368159,
      "sum_correct_wins": 289,
      "avg_correct_matched_mean_nll": 1.351833148858452,
      "avg_incorrect_matched_mean_nll": 1.4087526297034987,
      "matched_mean_delta": 0.05691948084504661,
      "matched_mean_accuracy": 0.7089552238805971,
      "matched_mean_correct_wins": 285
    }
  }
}