{
  "model_size": "medium",
  "weights": "results/wiki_coherent_50_50_medium_seed42/model_final.npz",
  "n_pairs": 2000,
  "avg_correct_nll": 1.2591140935907656,
  "avg_incorrect_nll": 1.2538578402784202,
  "delta": -0.005256253312345471,
  "pair_accuracy": 0.4605,
  "correct_wins": 921,
  "bootstrap_ci_95": [
    -0.010247520413900505,
    -0.00018490822353548403
  ],
  "wilcoxon_p": 0.977019668677716,
  "robustness": {
    "sum_nll": {
      "avg_correct": 310.7037738182545,
      "avg_incorrect": 311.22983528721335,
      "delta": 0.5260614689588579,
      "pair_accuracy": 0.5,
      "correct_wins": 1000
    },
    "length_matched_mean_nll": {
      "avg_correct": 1.2594167958824294,
      "avg_incorrect": 1.2543100107281866,
      "delta": -0.005106785154242788,
      "pair_accuracy": 0.4595,
      "correct_wins": 919
    },
    "completion_lengths": {
      "correct_mean": 472.187,
      "incorrect_mean": 499.9635,
      "correct_min": 22,
      "incorrect_min": 30,
      "correct_max": 997,
      "incorrect_max": 1180,
      "correct_scored_mean": 247.4325,
      "incorrect_scored_mean": 248.846
    }
  },
  "by_type": {
    "CARDINAL": {
      "n": 204,
      "avg_correct_nll": 1.2983469077770198,
      "avg_incorrect_nll": 1.2654654312654119,
      "delta": -0.03288147651160789,
      "accuracy": 0.3431372549019608,
      "correct_wins": 70,
      "avg_correct_sum_nll": 310.5546672858444,
      "avg_incorrect_sum_nll": 307.9506980730038,
      "sum_delta": -2.603969212840582,
      "sum_accuracy": 0.4264705882352941,
      "sum_correct_wins": 87,
      "avg_correct_matched_mean_nll": 1.2986106306244194,
      "avg_incorrect_matched_mean_nll": 1.2624014048295265,
      "matched_mean_delta": -0.03620922579489294,
      "matched_mean_accuracy": 0.3235294117647059,
      "matched_mean_correct_wins": 66
    },
    "DATE": {
      "n": 326,
      "avg_correct_nll": 1.2210796432629043,
      "avg_incorrect_nll": 1.2194840864170715,
      "delta": -0.0015955568458327907,
      "accuracy": 0.46319018404907975,
      "correct_wins": 151,
      "avg_correct_sum_nll": 301.32590792369257,
      "avg_incorrect_sum_nll": 303.6013247637661,
      "sum_delta": 2.2754168400735466,
      "sum_accuracy": 0.5030674846625767,
      "sum_correct_wins": 164,
      "avg_correct_matched_mean_nll": 1.2215814844927664,
      "avg_incorrect_matched_mean_nll": 1.2199910574331365,
      "matched_mean_delta": -0.001590427059629862,
      "matched_mean_accuracy": 0.4570552147239264,
      "matched_mean_correct_wins": 149
    },
    "EVENT": {
      "n": 9,
      "avg_correct_nll": 1.161192772909999,
      "avg_incorrect_nll": 1.1308285797842674,
      "delta": -0.030364193125731465,
      "accuracy": 0.2222222222222222,
      "correct_wins": 2,
      "avg_correct_sum_nll": 297.2653498649597,
      "avg_incorrect_sum_nll": 289.49211642477246,
      "sum_delta": -7.773233440187255,
      "sum_accuracy": 0.2222222222222222,
      "sum_correct_wins": 2,
      "avg_correct_matched_mean_nll": 1.161192772909999,
      "avg_incorrect_matched_mean_nll": 1.1308285797842674,
      "matched_mean_delta": -0.030364193125731465,
      "matched_mean_accuracy": 0.2222222222222222,
      "matched_mean_correct_wins": 2
    },
    "GPE": {
      "n": 282,
      "avg_correct_nll": 1.2306523521172876,
      "avg_incorrect_nll": 1.2364616819166354,
      "delta": 0.005809329799347784,
      "accuracy": 0.49645390070921985,
      "correct_wins": 140,
      "avg_correct_sum_nll": 305.86772768548195,
      "avg_incorrect_sum_nll": 308.31180658915366,
      "sum_delta": 2.444078903671709,
      "sum_accuracy": 0.5212765957446809,
      "sum_correct_wins": 147,
      "avg_correct_matched_mean_nll": 1.230522209217168,
      "avg_incorrect_matched_mean_nll": 1.2377003012898367,
      "matched_mean_delta": 0.007178092072668729,
      "matched_mean_accuracy": 0.5,
      "matched_mean_correct_wins": 141
    },
    "LOC": {
      "n": 33,
      "avg_correct_nll": 1.183739281117262,
      "avg_incorrect_nll": 1.1818926383783879,
      "delta": -0.001846642738874138,
      "accuracy": 0.5151515151515151,
      "correct_wins": 17,
      "avg_correct_sum_nll": 277.6236387744094,
      "avg_incorrect_sum_nll": 278.2749288298867,
      "sum_delta": 0.6512900554772614,
      "sum_accuracy": 0.5757575757575758,
      "sum_correct_wins": 19,
      "avg_correct_matched_mean_nll": 1.1824443885543277,
      "avg_incorrect_matched_mean_nll": 1.183632350228072,
      "matched_mean_delta": 0.0011879616737442422,
      "matched_mean_accuracy": 0.5151515151515151,
      "matched_mean_correct_wins": 17
    },
    "NORP": {
      "n": 169,
      "avg_correct_nll": 1.2087649596495265,
      "avg_incorrect_nll": 1.213111454090007,
      "delta": 0.0043464944404805195,
      "accuracy": 0.4970414201183432,
      "correct_wins": 84,
      "avg_correct_sum_nll": 297.07587000180985,
      "avg_incorrect_sum_nll": 300.08637456639985,
      "sum_delta": 3.0105045645900077,
      "sum_accuracy": 0.5502958579881657,
      "sum_correct_wins": 93,
      "avg_correct_matched_mean_nll": 1.2089596491948051,
      "avg_incorrect_matched_mean_nll": 1.2123398742042855,
      "matched_mean_delta": 0.00338022500948032,
      "matched_mean_accuracy": 0.48520710059171596,
      "matched_mean_correct_wins": 82
    },
    "ORG": {
      "n": 517,
      "avg_correct_nll": 1.2534041349377338,
      "avg_incorrect_nll": 1.2471550172612345,
      "delta": -0.006249117676499383,
      "accuracy": 0.4526112185686654,
      "correct_wins": 234,
      "avg_correct_sum_nll": 310.85046177675923,
      "avg_incorrect_sum_nll": 310.41611750305736,
      "sum_delta": -0.4343442737018677,
      "sum_accuracy": 0.4912959381044487,
      "sum_correct_wins": 254,
      "avg_correct_matched_mean_nll": 1.253988474748999,
      "avg_incorrect_matched_mean_nll": 1.2481042083983822,
      "matched_mean_delta": -0.005884266350616896,
      "matched_mean_accuracy": 0.4564796905222437,
      "matched_mean_correct_wins": 236
    },
    "PERSON": {
      "n": 460,
      "avg_correct_nll": 1.3183568343860854,
      "avg_incorrect_nll": 1.313808330774837,
      "delta": -0.004548503611248478,
      "accuracy": 0.48478260869565215,
      "correct_wins": 223,
      "avg_correct_sum_nll": 327.8586333098619,
      "avg_incorrect_sum_nll": 327.67725018781164,
      "sum_delta": -0.1813831220502493,
      "sum_accuracy": 0.508695652173913,
      "sum_correct_wins": 234,
      "avg_correct_matched_mean_nll": 1.3186447265999053,
      "avg_incorrect_matched_mean_nll": 1.3151063607090014,
      "matched_mean_delta": -0.0035383658909038385,
      "matched_mean_accuracy": 0.49130434782608695,
      "matched_mean_correct_wins": 226
    }
  }
}