{
  "model_size": "small",
  "weights": "results/mixed_50_50_small_seed44/model_final.npz",
  "n_pairs": 4951,
  "avg_correct_nll": 0.05400609921941092,
  "avg_incorrect_nll": 0.09799541939938962,
  "delta": 0.0439893201799787,
  "pair_accuracy": 0.8555847303575035,
  "correct_wins": 4236,
  "bootstrap_ci_95": [
    0.04250307948295153,
    0.045476305215532066
  ],
  "wilcoxon_p": 0.0,
  "robustness": {
    "sum_nll": {
      "avg_correct": 5.486169647578157,
      "avg_incorrect": 8.984619265877823,
      "delta": 3.4984496182996665,
      "pair_accuracy": 0.851747121793577,
      "correct_wins": 4217
    },
    "length_matched_mean_nll": {
      "avg_correct": 0.05449108467131659,
      "avg_incorrect": 0.09891297439644366,
      "delta": 0.04442188972512707,
      "pair_accuracy": 0.851747121793577,
      "correct_wins": 4217
    },
    "completion_lengths": {
      "correct_mean": 81.17652999394062,
      "incorrect_mean": 80.67905473641689,
      "correct_min": 26,
      "incorrect_min": 26,
      "correct_max": 287,
      "incorrect_max": 291,
      "correct_scored_mean": 81.12886285598869,
      "incorrect_scored_mean": 80.63158957786305
    }
  },
  "by_type": {
    "algebra": {
      "n": 1273,
      "avg_correct_nll": 0.032032335210353084,
      "avg_incorrect_nll": 0.05923648691424554,
      "delta": 0.027204151703892454,
      "accuracy": 1.0,
      "correct_wins": 1273,
      "avg_correct_sum_nll": 1.9673917153082021,
      "avg_incorrect_sum_nll": 3.6005970324855663,
      "sum_delta": 1.6332053171773642,
      "sum_accuracy": 1.0,
      "sum_correct_wins": 1273,
      "avg_correct_matched_mean_nll": 0.03227759792205429,
      "avg_incorrect_matched_mean_nll": 0.05923648691424554,
      "matched_mean_delta": 0.026958888992191246,
      "matched_mean_accuracy": 1.0,
      "matched_mean_correct_wins": 1273
    },
    "arithmetic": {
      "n": 1244,
      "avg_correct_nll": 0.15267752457034017,
      "avg_incorrect_nll": 0.23139242052309736,
      "delta": 0.07871489595275719,
      "accuracy": 0.9766881028938906,
      "correct_wins": 1215,
      "avg_correct_sum_nll": 17.720479190157924,
      "avg_incorrect_sum_nll": 24.736360594007362,
      "sum_delta": 7.015881403849438,
      "sum_accuracy": 0.977491961414791,
      "sum_correct_wins": 1216,
      "avg_correct_matched_mean_nll": 0.15373163356648023,
      "avg_incorrect_matched_mean_nll": 0.23337395020485366,
      "matched_mean_delta": 0.07964231663837343,
      "matched_mean_accuracy": 0.977491961414791,
      "matched_mean_correct_wins": 1216
    },
    "derivative": {
      "n": 1252,
      "avg_correct_nll": 0.014985773438597312,
      "avg_incorrect_nll": 0.038014874333026256,
      "delta": 0.023029100894428944,
      "accuracy": 0.6988817891373802,
      "correct_wins": 875,
      "avg_correct_sum_nll": 0.8215942935060008,
      "avg_incorrect_sum_nll": 2.0056338390222375,
      "sum_delta": 1.1840395455162367,
      "sum_accuracy": 0.6853035143769968,
      "sum_correct_wins": 858,
      "avg_correct_matched_mean_nll": 0.015463884564431232,
      "avg_incorrect_matched_mean_nll": 0.038804006667987535,
      "matched_mean_delta": 0.023340122103556304,
      "matched_mean_accuracy": 0.6853035143769968,
      "matched_mean_correct_wins": 858
    },
    "equation": {
      "n": 1182,
      "avg_correct_nll": 0.015155673098051589,
      "avg_incorrect_nll": 0.06287688647111798,
      "delta": 0.047721213373066396,
      "accuracy": 0.7385786802030457,
      "correct_wins": 873,
      "avg_correct_sum_nll": 1.340629529226855,
      "avg_incorrect_sum_nll": 5.597465158719097,
      "sum_delta": 4.256835629492242,
      "sum_accuracy": 0.7360406091370558,
      "sum_correct_wins": 870,
      "avg_correct_matched_mean_nll": 0.015307142488615887,
      "avg_incorrect_matched_mean_nll": 0.06379888154974583,
      "matched_mean_delta": 0.04849173906112995,
      "matched_mean_accuracy": 0.7360406091370558,
      "matched_mean_correct_wins": 870
    }
  }
}