{
  "model_size": "large",
  "weights": "results/wiki_random_50_50_large_seed45/model_final.npz",
  "n_pairs": 2000,
  "avg_correct_nll": 1.2457101742952872,
  "avg_incorrect_nll": 1.3152751866046695,
  "delta": 0.06956501230938228,
  "pair_accuracy": 0.718,
  "correct_wins": 1436,
  "bootstrap_ci_95": [
    0.06387330404950588,
    0.07524928300800181
  ],
  "wilcoxon_p": 1.1559155542209236e-120,
  "robustness": {
    "sum_nll": {
      "avg_correct": 307.4425911569595,
      "avg_incorrect": 326.25806828165054,
      "delta": 18.81547712469103,
      "pair_accuracy": 0.733,
      "correct_wins": 1466
    },
    "length_matched_mean_nll": {
      "avg_correct": 1.2455245216541995,
      "avg_incorrect": 1.315888783987807,
      "delta": 0.0703642623336076,
      "pair_accuracy": 0.7175,
      "correct_wins": 1435
    },
    "completion_lengths": {
      "correct_mean": 472.187,
      "incorrect_mean": 500.3365,
      "correct_min": 22,
      "incorrect_min": 27,
      "correct_max": 997,
      "incorrect_max": 1210,
      "correct_scored_mean": 247.4325,
      "incorrect_scored_mean": 248.8135
    }
  },
  "by_type": {
    "CARDINAL": {
      "n": 172,
      "avg_correct_nll": 1.2954238075171722,
      "avg_incorrect_nll": 1.3344033030147957,
      "delta": 0.03897949549762347,
      "accuracy": 0.627906976744186,
      "correct_wins": 108,
      "avg_correct_sum_nll": 310.62965701347173,
      "avg_incorrect_sum_nll": 322.4643148017484,
      "sum_delta": 11.834657788276672,
      "sum_accuracy": 0.6744186046511628,
      "sum_correct_wins": 116,
      "avg_correct_matched_mean_nll": 1.295540564797668,
      "avg_incorrect_matched_mean_nll": 1.3343961227988397,
      "matched_mean_delta": 0.038855558001171575,
      "matched_mean_accuracy": 0.622093023255814,
      "matched_mean_correct_wins": 107
    },
    "DATE": {
      "n": 211,
      "avg_correct_nll": 1.2120539286288046,
      "avg_incorrect_nll": 1.27502431741301,
      "delta": 0.06297038878420547,
      "accuracy": 0.6919431279620853,
      "correct_wins": 146,
      "avg_correct_sum_nll": 299.9673378795244,
      "avg_incorrect_sum_nll": 318.5755498205881,
      "sum_delta": 18.6082119410637,
      "sum_accuracy": 0.7061611374407583,
      "sum_correct_wins": 149,
      "avg_correct_matched_mean_nll": 1.2119316156437487,
      "avg_incorrect_matched_mean_nll": 1.27573952034885,
      "matched_mean_delta": 0.06380790470510123,
      "matched_mean_accuracy": 0.6777251184834123,
      "matched_mean_correct_wins": 143
    },
    "EVENT": {
      "n": 8,
      "avg_correct_nll": 1.1415694564230363,
      "avg_incorrect_nll": 1.203798882897367,
      "delta": 0.06222942647433061,
      "accuracy": 0.5,
      "correct_wins": 4,
      "avg_correct_sum_nll": 281.61751240491867,
      "avg_incorrect_sum_nll": 294.5205914378166,
      "sum_delta": 12.90307903289795,
      "sum_accuracy": 0.5,
      "sum_correct_wins": 4,
      "avg_correct_matched_mean_nll": 1.1415694564230363,
      "avg_incorrect_matched_mean_nll": 1.204540583728865,
      "matched_mean_delta": 0.06297112730582866,
      "matched_mean_accuracy": 0.5,
      "matched_mean_correct_wins": 4
    },
    "GPE": {
      "n": 301,
      "avg_correct_nll": 1.211674340058584,
      "avg_incorrect_nll": 1.3062694315780459,
      "delta": 0.09459509151946177,
      "accuracy": 0.7906976744186046,
      "correct_wins": 238,
      "avg_correct_sum_nll": 300.41724424663175,
      "avg_incorrect_sum_nll": 324.65759436791126,
      "sum_delta": 24.240350121279505,
      "sum_accuracy": 0.7873754152823921,
      "sum_correct_wins": 237,
      "avg_correct_matched_mean_nll": 1.211228514690892,
      "avg_incorrect_matched_mean_nll": 1.3071574432699415,
      "matched_mean_delta": 0.09592892857904944,
      "matched_mean_accuracy": 0.7940199335548173,
      "matched_mean_correct_wins": 239
    },
    "LOC": {
      "n": 45,
      "avg_correct_nll": 1.1897911435775046,
      "avg_incorrect_nll": 1.2803844814167533,
      "delta": 0.09059333783924872,
      "accuracy": 0.7777777777777778,
      "correct_wins": 35,
      "avg_correct_sum_nll": 284.3482355329725,
      "avg_incorrect_sum_nll": 300.13909596337214,
      "sum_delta": 15.790860430399619,
      "sum_accuracy": 0.7555555555555555,
      "sum_correct_wins": 34,
      "avg_correct_matched_mean_nll": 1.1889774299228946,
      "avg_incorrect_matched_mean_nll": 1.278943160206886,
      "matched_mean_delta": 0.08996573028399135,
      "matched_mean_accuracy": 0.7777777777777778,
      "matched_mean_correct_wins": 35
    },
    "NORP": {
      "n": 197,
      "avg_correct_nll": 1.1903563387737823,
      "avg_incorrect_nll": 1.2778107553567672,
      "delta": 0.08745441658298492,
      "accuracy": 0.7868020304568528,
      "correct_wins": 155,
      "avg_correct_sum_nll": 291.8764145059634,
      "avg_incorrect_sum_nll": 314.76391958101146,
      "sum_delta": 22.887505075048068,
      "sum_accuracy": 0.8071065989847716,
      "sum_correct_wins": 159,
      "avg_correct_matched_mean_nll": 1.1906271305159373,
      "avg_incorrect_matched_mean_nll": 1.2793026703618917,
      "matched_mean_delta": 0.08867553984595444,
      "matched_mean_accuracy": 0.7918781725888325,
      "matched_mean_correct_wins": 156
    },
    "ORG": {
      "n": 664,
      "avg_correct_nll": 1.2439599534370938,
      "avg_incorrect_nll": 1.310572840990992,
      "delta": 0.06661288755389827,
      "accuracy": 0.6822289156626506,
      "correct_wins": 453,
      "avg_correct_sum_nll": 306.9472596264747,
      "avg_incorrect_sum_nll": 325.2952016480716,
      "sum_delta": 18.347942021596907,
      "sum_accuracy": 0.7063253012048193,
      "sum_correct_wins": 469,
      "avg_correct_matched_mean_nll": 1.2439759571796138,
      "avg_incorrect_matched_mean_nll": 1.3114165531099606,
      "matched_mean_delta": 0.06744059593034679,
      "matched_mean_accuracy": 0.6837349397590361,
      "matched_mean_correct_wins": 454
    },
    "PERSON": {
      "n": 402,
      "avg_correct_nll": 1.305938640463363,
      "avg_incorrect_nll": 1.3672114359736875,
      "delta": 0.061272795510324496,
      "accuracy": 0.7388059701492538,
      "correct_wins": 297,
      "avg_correct_sum_nll": 326.8083028579826,
      "avg_incorrect_sum_nll": 343.8904661663729,
      "sum_delta": 17.082163308390307,
      "sum_accuracy": 0.7412935323383084,
      "sum_correct_wins": 298,
      "avg_correct_matched_mean_nll": 1.305295005133315,
      "avg_incorrect_matched_mean_nll": 1.3672488095296182,
      "matched_mean_delta": 0.06195380439630327,
      "matched_mean_accuracy": 0.7388059701492538,
      "matched_mean_correct_wins": 297
    }
  }
}