{
  "model_size": "tiny",
  "weights": "results/coherent_50_50_tiny_seed45/model_final.npz",
  "mode": "example_blocks",
  "correct_loss": 0.10911737468454838,
  "correct_ppl": 1.1152932498525334,
  "incorrect_loss": 0.10841629962131437,
  "incorrect_ppl": 1.1145116195896263,
  "ratio_inc_over_cor": 0.9935750372911667,
  "prefers": "incorrect",
  "delta": 0.0007010750632340107,
  "example_block_estimate": {
    "correct_loss": 0.10911737468454838,
    "correct_ppl": 1.1152932498525334,
    "incorrect_loss": 0.10841629962131437,
    "incorrect_ppl": 1.1145116195896263,
    "ratio_inc_over_cor": 0.9935750372911667,
    "prefers": "incorrect",
    "delta_signed": -0.0007010750632340107,
    "correct_n_examples": 5000,
    "incorrect_n_examples": 5000,
    "correct_scored_tokens": 871855,
    "incorrect_scored_tokens": 862394,
    "correct_skipped_examples": 0,
    "incorrect_skipped_examples": 0,
    "seq_len": 256
  }
}