{
  "model_size": "medium",
  "weights": "results/wiki_coherent_50_50_medium_seed43/model_final.npz",
  "n_pairs": 2000,
  "avg_correct_nll": 1.2527703038207474,
  "avg_incorrect_nll": 1.2500646407955478,
  "delta": -0.0027056630251995895,
  "pair_accuracy": 0.4545,
  "correct_wins": 909,
  "bootstrap_ci_95": [
    -0.007654394100701951,
    0.0023592540275648643
  ],
  "wilcoxon_p": 0.9378785784212623,
  "robustness": {
    "sum_nll": {
      "avg_correct": 309.2199703615904,
      "avg_incorrect": 310.31644001233576,
      "delta": 1.0964696507453482,
      "pair_accuracy": 0.495,
      "correct_wins": 990
    },
    "length_matched_mean_nll": {
      "avg_correct": 1.2530050454473143,
      "avg_incorrect": 1.2503901407138278,
      "delta": -0.0026149047334864672,
      "pair_accuracy": 0.4565,
      "correct_wins": 913
    },
    "completion_lengths": {
      "correct_mean": 472.187,
      "incorrect_mean": 499.9635,
      "correct_min": 22,
      "incorrect_min": 30,
      "correct_max": 997,
      "incorrect_max": 1180,
      "correct_scored_mean": 247.4325,
      "incorrect_scored_mean": 248.846
    }
  },
  "by_type": {
    "CARDINAL": {
      "n": 204,
      "avg_correct_nll": 1.2845389383271077,
      "avg_incorrect_nll": 1.2535738174081923,
      "delta": -0.030965120918915456,
      "accuracy": 0.3088235294117647,
      "correct_wins": 63,
      "avg_correct_sum_nll": 307.4558901447876,
      "avg_incorrect_sum_nll": 304.77310002083874,
      "sum_delta": -2.6827901239488483,
      "sum_accuracy": 0.4019607843137255,
      "sum_correct_wins": 82,
      "avg_correct_matched_mean_nll": 1.2847253684103883,
      "avg_incorrect_matched_mean_nll": 1.2502306540365788,
      "matched_mean_delta": -0.034494714373809465,
      "matched_mean_accuracy": 0.29411764705882354,
      "matched_mean_correct_wins": 60
    },
    "DATE": {
      "n": 326,
      "avg_correct_nll": 1.2159185937178023,
      "avg_incorrect_nll": 1.2171651324176813,
      "delta": 0.0012465386998790073,
      "accuracy": 0.4601226993865031,
      "correct_wins": 150,
      "avg_correct_sum_nll": 300.00952093806,
      "avg_incorrect_sum_nll": 303.0765289872702,
      "sum_delta": 3.0670080492101874,
      "sum_accuracy": 0.49079754601226994,
      "sum_correct_wins": 160,
      "avg_correct_matched_mean_nll": 1.2164650990734565,
      "avg_incorrect_matched_mean_nll": 1.2175108312508194,
      "matched_mean_delta": 0.0010457321773629236,
      "matched_mean_accuracy": 0.450920245398773,
      "matched_mean_correct_wins": 147
    },
    "EVENT": {
      "n": 9,
      "avg_correct_nll": 1.1614610946012869,
      "avg_incorrect_nll": 1.1246133605018258,
      "delta": -0.03684773409946107,
      "accuracy": 0.3333333333333333,
      "correct_wins": 3,
      "avg_correct_sum_nll": 297.33404021792944,
      "avg_incorrect_sum_nll": 287.9010202884674,
      "sum_delta": -9.433019929462034,
      "sum_accuracy": 0.3333333333333333,
      "sum_correct_wins": 3,
      "avg_correct_matched_mean_nll": 1.1614610946012869,
      "avg_incorrect_matched_mean_nll": 1.1246133605018258,
      "matched_mean_delta": -0.03684773409946107,
      "matched_mean_accuracy": 0.3333333333333333,
      "matched_mean_correct_wins": 3
    },
    "GPE": {
      "n": 282,
      "avg_correct_nll": 1.2268938445744089,
      "avg_incorrect_nll": 1.234219817272484,
      "delta": 0.007325972698075223,
      "accuracy": 0.4929078014184397,
      "correct_wins": 139,
      "avg_correct_sum_nll": 305.04526751937595,
      "avg_incorrect_sum_nll": 307.7798724132227,
      "sum_delta": 2.734604893846722,
      "sum_accuracy": 0.5141843971631206,
      "sum_correct_wins": 145,
      "avg_correct_matched_mean_nll": 1.2264883951736552,
      "avg_incorrect_matched_mean_nll": 1.2355728661243326,
      "matched_mean_delta": 0.009084470950677437,
      "matched_mean_accuracy": 0.5035460992907801,
      "matched_mean_correct_wins": 142
    },
    "LOC": {
      "n": 33,
      "avg_correct_nll": 1.1757545381277434,
      "avg_incorrect_nll": 1.1719979385515613,
      "delta": -0.003756599576182129,
      "accuracy": 0.48484848484848486,
      "correct_wins": 16,
      "avg_correct_sum_nll": 275.2947825301777,
      "avg_incorrect_sum_nll": 276.2817489522876,
      "sum_delta": 0.9869664221099015,
      "sum_accuracy": 0.5151515151515151,
      "sum_correct_wins": 17,
      "avg_correct_matched_mean_nll": 1.1734332865901653,
      "avg_incorrect_matched_mean_nll": 1.1738813162952368,
      "matched_mean_delta": 0.0004480297050715176,
      "matched_mean_accuracy": 0.48484848484848486,
      "matched_mean_correct_wins": 16
    },
    "NORP": {
      "n": 169,
      "avg_correct_nll": 1.2046623071480382,
      "avg_incorrect_nll": 1.209619494199145,
      "delta": 0.004957187051106704,
      "accuracy": 0.47928994082840237,
      "correct_wins": 81,
      "avg_correct_sum_nll": 296.2195182044125,
      "avg_incorrect_sum_nll": 299.31609073898494,
      "sum_delta": 3.096572534572431,
      "sum_accuracy": 0.5502958579881657,
      "sum_correct_wins": 93,
      "avg_correct_matched_mean_nll": 1.2051748763324615,
      "avg_incorrect_matched_mean_nll": 1.2087494851283846,
      "matched_mean_delta": 0.0035746087959231954,
      "matched_mean_accuracy": 0.47928994082840237,
      "matched_mean_correct_wins": 81
    },
    "ORG": {
      "n": 517,
      "avg_correct_nll": 1.2457939147939208,
      "avg_incorrect_nll": 1.2442435812415658,
      "delta": -0.00155033355235501,
      "accuracy": 0.44294003868471954,
      "correct_wins": 229,
      "avg_correct_sum_nll": 308.94826047425113,
      "avg_incorrect_sum_nll": 309.67428643837195,
      "sum_delta": 0.7260259641208222,
      "sum_accuracy": 0.4874274661508704,
      "sum_correct_wins": 252,
      "avg_correct_matched_mean_nll": 1.246236533987446,
      "avg_incorrect_matched_mean_nll": 1.2450431682434508,
      "matched_mean_delta": -0.0011933657439950895,
      "matched_mean_accuracy": 0.4526112185686654,
      "matched_mean_correct_wins": 234
    },
    "PERSON": {
      "n": 460,
      "avg_correct_nll": 1.3134884892058156,
      "avg_incorrect_nll": 1.310994180353384,
      "delta": -0.002494308852431626,
      "accuracy": 0.4956521739130435,
      "correct_wins": 228,
      "avg_correct_sum_nll": 326.83692704387335,
      "avg_incorrect_sum_nll": 327.10404962715893,
      "sum_delta": 0.2671225832855839,
      "sum_accuracy": 0.5173913043478261,
      "sum_correct_wins": 238,
      "avg_correct_matched_mean_nll": 1.313768425046542,
      "avg_incorrect_matched_mean_nll": 1.3121034002577052,
      "matched_mean_delta": -0.0016650247888367886,
      "matched_mean_accuracy": 0.5,
      "matched_mean_correct_wins": 230
    }
  }
}