{
  "model_size": "tiny",
  "weights": "results/mixed_40_60_tiny_seed44/model_final.npz",
  "correct_loss": 0.14015220627188682,
  "correct_ppl": 1.1504488910685287,
  "incorrect_loss": 0.14891811788082124,
  "incorrect_ppl": 1.1605779547359207,
  "ratio_inc_over_cor": 1.062545655484931,
  "prefers": "correct",
  "delta": 0.008765911608934418
}