{
  "model_size": "small",
  "weights": "results/wiki_random_50_50_small_seed44/model_final.npz",
  "n_pairs": 2000,
  "avg_correct_nll": 1.2942466960628003,
  "avg_incorrect_nll": 1.3599914956329888,
  "delta": 0.06574479957018853,
  "pair_accuracy": 0.7115,
  "correct_wins": 1423,
  "bootstrap_ci_95": [
    0.06021041430173617,
    0.07128801136126124
  ],
  "wilcoxon_p": 4.8417168285644055e-114,
  "robustness": {
    "sum_nll": {
      "avg_correct": 319.3453715367317,
      "avg_incorrect": 337.3751246136427,
      "delta": 18.029753076910993,
      "pair_accuracy": 0.725,
      "correct_wins": 1450
    },
    "length_matched_mean_nll": {
      "avg_correct": 1.294052678941341,
      "avg_incorrect": 1.3605322332499823,
      "delta": 0.06647955430864139,
      "pair_accuracy": 0.707,
      "correct_wins": 1414
    },
    "completion_lengths": {
      "correct_mean": 472.187,
      "incorrect_mean": 500.3365,
      "correct_min": 22,
      "incorrect_min": 27,
      "correct_max": 997,
      "incorrect_max": 1210,
      "correct_scored_mean": 247.4325,
      "incorrect_scored_mean": 248.8135
    }
  },
  "by_type": {
    "CARDINAL": {
      "n": 172,
      "avg_correct_nll": 1.342835585935513,
      "avg_incorrect_nll": 1.3797215930241418,
      "delta": 0.03688600708862877,
      "accuracy": 0.6395348837209303,
      "correct_wins": 110,
      "avg_correct_sum_nll": 321.877032842747,
      "avg_incorrect_sum_nll": 333.185337431209,
      "sum_delta": 11.308304588462022,
      "sum_accuracy": 0.6627906976744186,
      "sum_correct_wins": 114,
      "avg_correct_matched_mean_nll": 1.3429727819574118,
      "avg_incorrect_matched_mean_nll": 1.3801754757695108,
      "matched_mean_delta": 0.037202693812099064,
      "matched_mean_accuracy": 0.6395348837209303,
      "matched_mean_correct_wins": 110
    },
    "DATE": {
      "n": 211,
      "avg_correct_nll": 1.262623773089815,
      "avg_incorrect_nll": 1.3193907315595677,
      "delta": 0.05676695846975255,
      "accuracy": 0.6966824644549763,
      "correct_wins": 147,
      "avg_correct_sum_nll": 312.37529315993686,
      "avg_incorrect_sum_nll": 329.82310344257627,
      "sum_delta": 17.44781028263941,
      "sum_accuracy": 0.7156398104265402,
      "sum_correct_wins": 151,
      "avg_correct_matched_mean_nll": 1.2624266143105118,
      "avg_incorrect_matched_mean_nll": 1.3202125477850915,
      "matched_mean_delta": 0.05778593347457961,
      "matched_mean_accuracy": 0.6872037914691943,
      "matched_mean_correct_wins": 145
    },
    "EVENT": {
      "n": 8,
      "avg_correct_nll": 1.2026870717592746,
      "avg_incorrect_nll": 1.2643026652596685,
      "delta": 0.06161559350039392,
      "accuracy": 0.625,
      "correct_wins": 5,
      "avg_correct_sum_nll": 296.7369665503502,
      "avg_incorrect_sum_nll": 310.1866520047188,
      "sum_delta": 13.449685454368591,
      "sum_accuracy": 0.625,
      "sum_correct_wins": 5,
      "avg_correct_matched_mean_nll": 1.2026870717592746,
      "avg_incorrect_matched_mean_nll": 1.265578469711492,
      "matched_mean_delta": 0.06289139795221743,
      "matched_mean_accuracy": 0.625,
      "matched_mean_correct_wins": 5
    },
    "GPE": {
      "n": 301,
      "avg_correct_nll": 1.2649603162882328,
      "avg_incorrect_nll": 1.3568563404603622,
      "delta": 0.09189602417212939,
      "accuracy": 0.7774086378737541,
      "correct_wins": 234,
      "avg_correct_sum_nll": 313.3205202156523,
      "avg_incorrect_sum_nll": 337.17889849371295,
      "sum_delta": 23.858378278060627,
      "sum_accuracy": 0.770764119601329,
      "sum_correct_wins": 232,
      "avg_correct_matched_mean_nll": 1.2646176358609003,
      "avg_incorrect_matched_mean_nll": 1.3577362679208675,
      "matched_mean_delta": 0.09311863205996729,
      "matched_mean_accuracy": 0.7740863787375415,
      "matched_mean_correct_wins": 233
    },
    "LOC": {
      "n": 45,
      "avg_correct_nll": 1.2371014662876403,
      "avg_incorrect_nll": 1.3244328674383394,
      "delta": 0.08733140115069915,
      "accuracy": 0.8,
      "correct_wins": 36,
      "avg_correct_sum_nll": 294.6653984652625,
      "avg_incorrect_sum_nll": 310.35521219571433,
      "sum_delta": 15.689813730451817,
      "sum_accuracy": 0.8,
      "sum_correct_wins": 36,
      "avg_correct_matched_mean_nll": 1.234908251257153,
      "avg_incorrect_matched_mean_nll": 1.3221773509683814,
      "matched_mean_delta": 0.08726909971122843,
      "matched_mean_accuracy": 0.8,
      "matched_mean_correct_wins": 36
    },
    "NORP": {
      "n": 197,
      "avg_correct_nll": 1.234631426126238,
      "avg_incorrect_nll": 1.324309348202913,
      "delta": 0.0896779220766748,
      "accuracy": 0.7868020304568528,
      "correct_wins": 155,
      "avg_correct_sum_nll": 302.57350471419124,
      "avg_incorrect_sum_nll": 326.19605085329357,
      "sum_delta": 23.622546139102326,
      "sum_accuracy": 0.8121827411167513,
      "sum_correct_wins": 160,
      "avg_correct_matched_mean_nll": 1.2348787683685405,
      "avg_incorrect_matched_mean_nll": 1.3254780686985637,
      "matched_mean_delta": 0.09059930033002317,
      "matched_mean_accuracy": 0.7918781725888325,
      "matched_mean_correct_wins": 156
    },
    "ORG": {
      "n": 664,
      "avg_correct_nll": 1.2900784662636402,
      "avg_incorrect_nll": 1.3506246163239386,
      "delta": 0.0605461500602984,
      "accuracy": 0.6641566265060241,
      "correct_wins": 441,
      "avg_correct_sum_nll": 318.4421794945935,
      "avg_incorrect_sum_nll": 335.29926216602325,
      "sum_delta": 16.857082671429737,
      "sum_accuracy": 0.6852409638554217,
      "sum_correct_wins": 455,
      "avg_correct_matched_mean_nll": 1.290023237185811,
      "avg_incorrect_matched_mean_nll": 1.351232971684617,
      "matched_mean_delta": 0.06120973449880607,
      "matched_mean_accuracy": 0.6566265060240963,
      "matched_mean_correct_wins": 436
    },
    "PERSON": {
      "n": 402,
      "avg_correct_nll": 1.3563021017836798,
      "avg_incorrect_nll": 1.4140499682495418,
      "delta": 0.05774786646586194,
      "accuracy": 0.7338308457711443,
      "correct_wins": 295,
      "avg_correct_sum_nll": 339.3552331005163,
      "avg_incorrect_sum_nll": 355.75133844513203,
      "sum_delta": 16.396105344615762,
      "sum_accuracy": 0.7388059701492538,
      "sum_correct_wins": 297,
      "avg_correct_matched_mean_nll": 1.3558537329147546,
      "avg_incorrect_matched_mean_nll": 1.4141053212868198,
      "matched_mean_delta": 0.05825158837206512,
      "matched_mean_accuracy": 0.7288557213930348,
      "matched_mean_correct_wins": 293
    }
  }
}