{
  "model_size": "tiny",
  "weights": "results/condC_50_50_tiny_seed44/model_final.npz",
  "correct_loss": 0.22257837384939194,
  "correct_ppl": 1.2492937277723515,
  "incorrect_loss": 0.2245250889658928,
  "incorrect_ppl": 1.2517281155180677,
  "ratio_inc_over_cor": 1.0087462006430963,
  "prefers": "correct",
  "delta": 0.0019467151165008523
}