{
  "model_size": "large",
  "weights": "results/wiki_coherent_50_50_large_seed43/model_final.npz",
  "n_pairs": 2000,
  "avg_correct_nll": 1.2473830935563044,
  "avg_incorrect_nll": 1.2406980388445046,
  "delta": -0.006685054711799809,
  "pair_accuracy": 0.4445,
  "correct_wins": 889,
  "bootstrap_ci_95": [
    -0.011950233582525251,
    -0.0013971170295719415
  ],
  "wilcoxon_p": 0.9988630489873407,
  "robustness": {
    "sum_nll": {
      "avg_correct": 307.8428343365192,
      "avg_incorrect": 307.93554413473606,
      "delta": 0.09270979821684477,
      "pair_accuracy": 0.4815,
      "correct_wins": 963
    },
    "length_matched_mean_nll": {
      "avg_correct": 1.2476267003802637,
      "avg_incorrect": 1.241046852394033,
      "delta": -0.00657984798623068,
      "pair_accuracy": 0.443,
      "correct_wins": 886
    },
    "completion_lengths": {
      "correct_mean": 472.187,
      "incorrect_mean": 499.9635,
      "correct_min": 22,
      "incorrect_min": 30,
      "correct_max": 997,
      "incorrect_max": 1180,
      "correct_scored_mean": 247.4325,
      "incorrect_scored_mean": 248.846
    }
  },
  "by_type": {
    "CARDINAL": {
      "n": 204,
      "avg_correct_nll": 1.2856032428923434,
      "avg_incorrect_nll": 1.2543296197664364,
      "delta": -0.03127362312590698,
      "accuracy": 0.3284313725490196,
      "correct_wins": 67,
      "avg_correct_sum_nll": 307.6214034896271,
      "avg_incorrect_sum_nll": 305.0504180952614,
      "sum_delta": -2.570985394365664,
      "sum_accuracy": 0.4166666666666667,
      "sum_correct_wins": 85,
      "avg_correct_matched_mean_nll": 1.285733328712224,
      "avg_incorrect_matched_mean_nll": 1.2508076346330153,
      "matched_mean_delta": -0.03492569407920865,
      "matched_mean_accuracy": 0.3333333333333333,
      "matched_mean_correct_wins": 68
    },
    "DATE": {
      "n": 326,
      "avg_correct_nll": 1.2102308120465508,
      "avg_incorrect_nll": 1.2066481356590544,
      "delta": -0.0035826763874964307,
      "accuracy": 0.44171779141104295,
      "correct_wins": 144,
      "avg_correct_sum_nll": 298.6827592827791,
      "avg_incorrect_sum_nll": 300.34984164808424,
      "sum_delta": 1.6670823653051343,
      "sum_accuracy": 0.4754601226993865,
      "sum_correct_wins": 155,
      "avg_correct_matched_mean_nll": 1.210637007969426,
      "avg_incorrect_matched_mean_nll": 1.2074333895733662,
      "matched_mean_delta": -0.0032036183960597597,
      "matched_mean_accuracy": 0.4325153374233129,
      "matched_mean_correct_wins": 141
    },
    "EVENT": {
      "n": 9,
      "avg_correct_nll": 1.1341929476087291,
      "avg_incorrect_nll": 1.0872341712108917,
      "delta": -0.04695877639783741,
      "accuracy": 0.1111111111111111,
      "correct_wins": 1,
      "avg_correct_sum_nll": 290.35339458783466,
      "avg_incorrect_sum_nll": 278.3319478299883,
      "sum_delta": -12.021446757846377,
      "sum_accuracy": 0.1111111111111111,
      "sum_correct_wins": 1,
      "avg_correct_matched_mean_nll": 1.1341929476087291,
      "avg_incorrect_matched_mean_nll": 1.0872341712108917,
      "matched_mean_delta": -0.04695877639783741,
      "matched_mean_accuracy": 0.1111111111111111,
      "matched_mean_correct_wins": 1
    },
    "GPE": {
      "n": 282,
      "avg_correct_nll": 1.216751645776431,
      "avg_incorrect_nll": 1.2193867732720487,
      "delta": 0.002635127495617784,
      "accuracy": 0.4716312056737589,
      "correct_wins": 133,
      "avg_correct_sum_nll": 302.45448167357887,
      "avg_incorrect_sum_nll": 303.96561684168825,
      "sum_delta": 1.5111351681093765,
      "sum_accuracy": 0.5,
      "sum_correct_wins": 141,
      "avg_correct_matched_mean_nll": 1.2164832674047403,
      "avg_incorrect_matched_mean_nll": 1.2205090592566628,
      "matched_mean_delta": 0.004025791851922422,
      "matched_mean_accuracy": 0.4645390070921986,
      "matched_mean_correct_wins": 131
    },
    "LOC": {
      "n": 33,
      "avg_correct_nll": 1.1691464612305658,
      "avg_incorrect_nll": 1.169598298126374,
      "delta": 0.00045183689580818864,
      "accuracy": 0.42424242424242425,
      "correct_wins": 14,
      "avg_correct_sum_nll": 274.3794760126056,
      "avg_incorrect_sum_nll": 275.4669221025525,
      "sum_delta": 1.0874460899468659,
      "sum_accuracy": 0.5151515151515151,
      "sum_correct_wins": 17,
      "avg_correct_matched_mean_nll": 1.1702595732531322,
      "avg_incorrect_matched_mean_nll": 1.1721555613033958,
      "matched_mean_delta": 0.0018959880502635862,
      "matched_mean_accuracy": 0.42424242424242425,
      "matched_mean_correct_wins": 14
    },
    "NORP": {
      "n": 169,
      "avg_correct_nll": 1.197642405846391,
      "avg_incorrect_nll": 1.2000729847868699,
      "delta": 0.0024305789404788225,
      "accuracy": 0.4970414201183432,
      "correct_wins": 84,
      "avg_correct_sum_nll": 294.43024396473135,
      "avg_incorrect_sum_nll": 296.8744647206639,
      "sum_delta": 2.4442207559325766,
      "sum_accuracy": 0.5384615384615384,
      "sum_correct_wins": 91,
      "avg_correct_matched_mean_nll": 1.197805124386762,
      "avg_incorrect_matched_mean_nll": 1.1993247319792586,
      "matched_mean_delta": 0.0015196075924965857,
      "matched_mean_accuracy": 0.4911242603550296,
      "matched_mean_correct_wins": 83
    },
    "ORG": {
      "n": 517,
      "avg_correct_nll": 1.239096179191814,
      "avg_incorrect_nll": 1.2338952516483126,
      "delta": -0.005200927543501432,
      "accuracy": 0.44294003868471954,
      "correct_wins": 229,
      "avg_correct_sum_nll": 307.2277792427019,
      "avg_incorrect_sum_nll": 307.11012139910656,
      "sum_delta": -0.11765784359533882,
      "sum_accuracy": 0.47775628626692457,
      "sum_correct_wins": 247,
      "avg_correct_matched_mean_nll": 1.2396314229495569,
      "avg_incorrect_matched_mean_nll": 1.2347078095988995,
      "matched_mean_delta": -0.004923613350657385,
      "matched_mean_accuracy": 0.4410058027079304,
      "matched_mean_correct_wins": 228
    },
    "PERSON": {
      "n": 460,
      "avg_correct_nll": 1.3109566429285795,
      "avg_incorrect_nll": 1.3025227001279556,
      "delta": -0.008433942800623928,
      "accuracy": 0.4717391304347826,
      "correct_wins": 217,
      "avg_correct_sum_nll": 326.09778835825296,
      "avg_incorrect_sum_nll": 324.92464650091915,
      "sum_delta": -1.1731418573338033,
      "sum_accuracy": 0.49130434782608695,
      "sum_correct_wins": 226,
      "avg_correct_matched_mean_nll": 1.3110935686194536,
      "avg_incorrect_matched_mean_nll": 1.3035348897404324,
      "matched_mean_delta": -0.0075586788790211745,
      "matched_mean_accuracy": 0.4782608695652174,
      "matched_mean_correct_wins": 220
    }
  }
}