{
  "model_size": "medium",
  "weights": "results/wiki_coherent_50_50_medium_seed45/model_final.npz",
  "n_pairs": 2000,
  "avg_correct_nll": 1.2468590592262982,
  "avg_incorrect_nll": 1.2456118631834152,
  "delta": -0.0012471960428830364,
  "pair_accuracy": 0.4695,
  "correct_wins": 939,
  "bootstrap_ci_95": [
    -0.006106956823192447,
    0.0037778587932546636
  ],
  "wilcoxon_p": 0.8081618642352193,
  "robustness": {
    "sum_nll": {
      "avg_correct": 307.7730092266798,
      "avg_incorrect": 309.1603293846846,
      "delta": 1.3873201580047976,
      "pair_accuracy": 0.5095,
      "correct_wins": 1019
    },
    "length_matched_mean_nll": {
      "avg_correct": 1.2471693416443768,
      "avg_incorrect": 1.2461224259049108,
      "delta": -0.0010469157394659145,
      "pair_accuracy": 0.473,
      "correct_wins": 946
    },
    "completion_lengths": {
      "correct_mean": 472.187,
      "incorrect_mean": 499.9635,
      "correct_min": 22,
      "incorrect_min": 30,
      "correct_max": 997,
      "incorrect_max": 1180,
      "correct_scored_mean": 247.4325,
      "incorrect_scored_mean": 248.846
    }
  },
  "by_type": {
    "CARDINAL": {
      "n": 204,
      "avg_correct_nll": 1.2788791626253018,
      "avg_incorrect_nll": 1.250357304095501,
      "delta": -0.028521858529800825,
      "accuracy": 0.3382352941176471,
      "correct_wins": 69,
      "avg_correct_sum_nll": 306.0194225509961,
      "avg_incorrect_sum_nll": 303.92565842586407,
      "sum_delta": -2.0937641251320542,
      "sum_accuracy": 0.4411764705882353,
      "sum_correct_wins": 90,
      "avg_correct_matched_mean_nll": 1.279063162498075,
      "avg_incorrect_matched_mean_nll": 1.2474951992921626,
      "matched_mean_delta": -0.031567963205912486,
      "matched_mean_accuracy": 0.3284313725490196,
      "matched_mean_correct_wins": 67
    },
    "DATE": {
      "n": 326,
      "avg_correct_nll": 1.2110121737856916,
      "avg_incorrect_nll": 1.21457883621207,
      "delta": 0.0035666624263783753,
      "accuracy": 0.4815950920245399,
      "correct_wins": 157,
      "avg_correct_sum_nll": 298.9044187142074,
      "avg_incorrect_sum_nll": 302.4087070233983,
      "sum_delta": 3.5042883091908834,
      "sum_accuracy": 0.50920245398773,
      "sum_correct_wins": 166,
      "avg_correct_matched_mean_nll": 1.2115545645031145,
      "avg_incorrect_matched_mean_nll": 1.2151809820207755,
      "matched_mean_delta": 0.003626417517661018,
      "matched_mean_accuracy": 0.4785276073619632,
      "matched_mean_correct_wins": 156
    },
    "EVENT": {
      "n": 9,
      "avg_correct_nll": 1.155862160647909,
      "avg_incorrect_nll": 1.1135199593587055,
      "delta": -0.04234220128920341,
      "accuracy": 0.1111111111111111,
      "correct_wins": 1,
      "avg_correct_sum_nll": 295.9007131258647,
      "avg_incorrect_sum_nll": 285.0611095958286,
      "sum_delta": -10.839603530036072,
      "sum_accuracy": 0.1111111111111111,
      "sum_correct_wins": 1,
      "avg_correct_matched_mean_nll": 1.155862160647909,
      "avg_incorrect_matched_mean_nll": 1.1135199593587055,
      "matched_mean_delta": -0.04234220128920341,
      "matched_mean_accuracy": 0.1111111111111111,
      "matched_mean_correct_wins": 1
    },
    "GPE": {
      "n": 282,
      "avg_correct_nll": 1.2205306198271273,
      "avg_incorrect_nll": 1.2287040854995166,
      "delta": 0.008173465672389302,
      "accuracy": 0.49645390070921985,
      "correct_wins": 140,
      "avg_correct_sum_nll": 303.41921043311453,
      "avg_incorrect_sum_nll": 306.4165866349606,
      "sum_delta": 2.997376201846066,
      "sum_accuracy": 0.5283687943262412,
      "sum_correct_wins": 149,
      "avg_correct_matched_mean_nll": 1.2204744219885446,
      "avg_incorrect_matched_mean_nll": 1.2300105432041657,
      "matched_mean_delta": 0.009536121215621085,
      "matched_mean_accuracy": 0.5,
      "matched_mean_correct_wins": 141
    },
    "LOC": {
      "n": 33,
      "avg_correct_nll": 1.1758270305938125,
      "avg_incorrect_nll": 1.182943428408825,
      "delta": 0.0071163978150123874,
      "accuracy": 0.5151515151515151,
      "correct_wins": 17,
      "avg_correct_sum_nll": 275.1485252380371,
      "avg_incorrect_sum_nll": 277.12008830995273,
      "sum_delta": 1.9715630719156252,
      "sum_accuracy": 0.5757575757575758,
      "sum_correct_wins": 19,
      "avg_correct_matched_mean_nll": 1.1753923355609472,
      "avg_incorrect_matched_mean_nll": 1.1832502744214712,
      "matched_mean_delta": 0.007857938860523994,
      "matched_mean_accuracy": 0.5151515151515151,
      "matched_mean_correct_wins": 17
    },
    "NORP": {
      "n": 169,
      "avg_correct_nll": 1.1960165163295098,
      "avg_incorrect_nll": 1.2039060346938546,
      "delta": 0.007889518364344816,
      "accuracy": 0.5207100591715976,
      "correct_wins": 88,
      "avg_correct_sum_nll": 294.21424793068473,
      "avg_incorrect_sum_nll": 298.02225970798696,
      "sum_delta": 3.8080117773022266,
      "sum_accuracy": 0.5857988165680473,
      "sum_correct_wins": 99,
      "avg_correct_matched_mean_nll": 1.1959732897102453,
      "avg_incorrect_matched_mean_nll": 1.2033769802398528,
      "matched_mean_delta": 0.007403690529607543,
      "matched_mean_accuracy": 0.5266272189349113,
      "matched_mean_correct_wins": 89
    },
    "ORG": {
      "n": 517,
      "avg_correct_nll": 1.2385978704369442,
      "avg_incorrect_nll": 1.2366726327927193,
      "delta": -0.0019252376442249197,
      "accuracy": 0.44680851063829785,
      "correct_wins": 231,
      "avg_correct_sum_nll": 307.129520820234,
      "avg_incorrect_sum_nll": 307.7037894416824,
      "sum_delta": 0.5742686214483683,
      "sum_accuracy": 0.4816247582205029,
      "sum_correct_wins": 249,
      "avg_correct_matched_mean_nll": 1.2393232855170435,
      "avg_incorrect_matched_mean_nll": 1.2376954449782638,
      "matched_mean_delta": -0.0016278405387797346,
      "matched_mean_accuracy": 0.4564796905222437,
      "matched_mean_correct_wins": 236
    },
    "PERSON": {
      "n": 460,
      "avg_correct_nll": 1.3090439654361639,
      "avg_incorrect_nll": 1.3083149996228969,
      "delta": -0.0007289658132669796,
      "accuracy": 0.5130434782608696,
      "correct_wins": 236,
      "avg_correct_sum_nll": 325.78221846663433,
      "avg_incorrect_sum_nll": 326.4477708635123,
      "sum_delta": 0.6655523968779562,
      "sum_accuracy": 0.5347826086956522,
      "sum_correct_wins": 246,
      "avg_correct_matched_mean_nll": 1.3091932435166862,
      "avg_incorrect_matched_mean_nll": 1.3095992704944315,
      "matched_mean_delta": 0.0004060269777452774,
      "matched_mean_accuracy": 0.5195652173913043,
      "matched_mean_correct_wins": 239
    }
  }
}