{
  "model_size": "medium",
  "weights": "results/wiki_random_50_50_medium_seed45/model_final.npz",
  "n_pairs": 2000,
  "avg_correct_nll": 1.253055510664239,
  "avg_incorrect_nll": 1.321466385973033,
  "delta": 0.06841087530879397,
  "pair_accuracy": 0.723,
  "correct_wins": 1446,
  "bootstrap_ci_95": [
    0.0629145272878867,
    0.0739891108751009
  ],
  "wilcoxon_p": 2.3673045947300917e-123,
  "robustness": {
    "sum_nll": {
      "avg_correct": 309.27239713096617,
      "avg_incorrect": 327.88748131620883,
      "delta": 18.615084185242665,
      "pair_accuracy": 0.735,
      "correct_wins": 1470
    },
    "length_matched_mean_nll": {
      "avg_correct": 1.2528319639746033,
      "avg_incorrect": 1.3222468592417884,
      "delta": 0.06941489526718514,
      "pair_accuracy": 0.722,
      "correct_wins": 1444
    },
    "completion_lengths": {
      "correct_mean": 472.187,
      "incorrect_mean": 500.3365,
      "correct_min": 22,
      "incorrect_min": 27,
      "correct_max": 997,
      "incorrect_max": 1210,
      "correct_scored_mean": 247.4325,
      "incorrect_scored_mean": 248.8135
    }
  },
  "by_type": {
    "CARDINAL": {
      "n": 172,
      "avg_correct_nll": 1.3017011028187206,
      "avg_incorrect_nll": 1.338900948728558,
      "delta": 0.03719984590983727,
      "accuracy": 0.622093023255814,
      "correct_wins": 107,
      "avg_correct_sum_nll": 311.9467702923819,
      "avg_incorrect_sum_nll": 323.5417628232823,
      "sum_delta": 11.594992530900356,
      "sum_accuracy": 0.6627906976744186,
      "sum_correct_wins": 114,
      "avg_correct_matched_mean_nll": 1.301532893531555,
      "avg_incorrect_matched_mean_nll": 1.3403121669276024,
      "matched_mean_delta": 0.038779273396047254,
      "matched_mean_accuracy": 0.622093023255814,
      "matched_mean_correct_wins": 107
    },
    "DATE": {
      "n": 211,
      "avg_correct_nll": 1.2196705661264802,
      "avg_incorrect_nll": 1.2790277442663023,
      "delta": 0.05935717813982211,
      "accuracy": 0.6824644549763034,
      "correct_wins": 144,
      "avg_correct_sum_nll": 301.95612624132235,
      "avg_incorrect_sum_nll": 319.8205343535726,
      "sum_delta": 17.86440811225026,
      "sum_accuracy": 0.7014218009478673,
      "sum_correct_wins": 148,
      "avg_correct_matched_mean_nll": 1.2194910440993743,
      "avg_incorrect_matched_mean_nll": 1.2798758737744176,
      "matched_mean_delta": 0.06038482967504333,
      "matched_mean_accuracy": 0.6824644549763034,
      "matched_mean_correct_wins": 144
    },
    "EVENT": {
      "n": 8,
      "avg_correct_nll": 1.1579691823087948,
      "avg_incorrect_nll": 1.2165297572089369,
      "delta": 0.058560574900142104,
      "accuracy": 0.5,
      "correct_wins": 4,
      "avg_correct_sum_nll": 285.7554415166378,
      "avg_incorrect_sum_nll": 298.48136454820633,
      "sum_delta": 12.725923031568527,
      "sum_accuracy": 0.5,
      "sum_correct_wins": 4,
      "avg_correct_matched_mean_nll": 1.1579691823087948,
      "avg_incorrect_matched_mean_nll": 1.2178747172237196,
      "matched_mean_delta": 0.059905534914924896,
      "matched_mean_accuracy": 0.5,
      "matched_mean_correct_wins": 4
    },
    "GPE": {
      "n": 301,
      "avg_correct_nll": 1.2191112163345454,
      "avg_incorrect_nll": 1.3129598777878193,
      "delta": 0.09384866145327386,
      "accuracy": 0.7940199335548173,
      "correct_wins": 239,
      "avg_correct_sum_nll": 302.2552846729557,
      "avg_incorrect_sum_nll": 326.43853544000774,
      "sum_delta": 24.183250767052016,
      "sum_accuracy": 0.7807308970099668,
      "sum_correct_wins": 235,
      "avg_correct_matched_mean_nll": 1.2187693627594929,
      "avg_incorrect_matched_mean_nll": 1.3138139457111773,
      "matched_mean_delta": 0.09504458295168439,
      "matched_mean_accuracy": 0.7873754152823921,
      "matched_mean_correct_wins": 237
    },
    "LOC": {
      "n": 45,
      "avg_correct_nll": 1.1991617042871445,
      "avg_incorrect_nll": 1.2869588626421582,
      "delta": 0.08779715835501367,
      "accuracy": 0.7555555555555555,
      "correct_wins": 34,
      "avg_correct_sum_nll": 286.5171196884579,
      "avg_incorrect_sum_nll": 301.4076674355401,
      "sum_delta": 14.890547747082167,
      "sum_accuracy": 0.7555555555555555,
      "sum_correct_wins": 34,
      "avg_correct_matched_mean_nll": 1.1976263910683402,
      "avg_incorrect_matched_mean_nll": 1.2831623151784464,
      "matched_mean_delta": 0.08553592411010613,
      "matched_mean_accuracy": 0.7555555555555555,
      "matched_mean_correct_wins": 34
    },
    "NORP": {
      "n": 197,
      "avg_correct_nll": 1.197607763589503,
      "avg_incorrect_nll": 1.2890056788811035,
      "delta": 0.09139791529160046,
      "accuracy": 0.8121827411167513,
      "correct_wins": 160,
      "avg_correct_sum_nll": 293.5369606405345,
      "avg_incorrect_sum_nll": 317.5038036452937,
      "sum_delta": 23.9668430047592,
      "sum_accuracy": 0.8274111675126904,
      "sum_correct_wins": 163,
      "avg_correct_matched_mean_nll": 1.1980791716031909,
      "avg_incorrect_matched_mean_nll": 1.2907344374607932,
      "matched_mean_delta": 0.09265526585760231,
      "matched_mean_accuracy": 0.8121827411167513,
      "matched_mean_correct_wins": 160
    },
    "ORG": {
      "n": 664,
      "avg_correct_nll": 1.2517099745491251,
      "avg_incorrect_nll": 1.3163319851817017,
      "delta": 0.06462201063257655,
      "accuracy": 0.6837349397590361,
      "correct_wins": 454,
      "avg_correct_sum_nll": 308.93914553128093,
      "avg_incorrect_sum_nll": 326.8033069982586,
      "sum_delta": 17.86416146697769,
      "sum_accuracy": 0.7033132530120482,
      "sum_correct_wins": 467,
      "avg_correct_matched_mean_nll": 1.2516687883388848,
      "avg_incorrect_matched_mean_nll": 1.317307455191138,
      "matched_mean_delta": 0.06563866685225306,
      "matched_mean_accuracy": 0.6837349397590361,
      "matched_mean_correct_wins": 454
    },
    "PERSON": {
      "n": 402,
      "avg_correct_nll": 1.3125007049630077,
      "avg_incorrect_nll": 1.3729902679941153,
      "delta": 0.06048956303110753,
      "accuracy": 0.7562189054726368,
      "correct_wins": 304,
      "avg_correct_sum_nll": 328.499200624613,
      "avg_incorrect_sum_nll": 345.4945432706852,
      "sum_delta": 16.995342646072174,
      "sum_accuracy": 0.7587064676616916,
      "sum_correct_wins": 305,
      "avg_correct_matched_mean_nll": 1.31181957325077,
      "avg_incorrect_matched_mean_nll": 1.3731245830822159,
      "matched_mean_delta": 0.06130500983144582,
      "matched_mean_accuracy": 0.7562189054726368,
      "matched_mean_correct_wins": 304
    }
  }
}