{
  "tiny random": {
    "size": "tiny",
    "condition": "random",
    "train_steps": [
      1,
      500,
      1000,
      1500,
      2000,
      2500,
      3000,
      3500,
      4000,
      4500,
      5000
    ],
    "train_losses": [
      4.164934158325195,
      0.22607704997062683,
      0.207204207777977,
      0.18052145838737488,
      0.17584294080734253,
      0.1756836473941803,
      0.13808470964431763,
      0.1468464881181717,
      0.16566318273544312,
      0.15909430384635925,
      0.14799267053604126
    ],
    "val_losses": [
      4.161896657943726,
      0.22766657024621964,
      0.19271646142005922,
      0.18379393219947815,
      0.1723603665828705,
      0.1638336032629013,
      0.15947734713554382,
      0.15772289782762527,
      0.14906613081693648,
      0.14603845328092574,
      0.14782745987176896
    ],
    "eval_steps": [
      2500,
      5000
    ],
    "eval_accs": [
      0.722,
      0.804
    ],
    "eval_deltas": [
      0.02842549832444638,
      0.04511046112608164
    ]
  },
  "tiny coherent": {
    "size": "tiny",
    "condition": "coherent",
    "train_steps": [
      1,
      250,
      500,
      750,
      1000,
      1250,
      1500,
      1750,
      2000,
      2250,
      2500,
      2750,
      3000,
      3250,
      3500,
      3750,
      4000,
      4250,
      4500,
      4750,
      5000
    ],
    "train_losses": [
      4.165111064910889,
      0.4309200644493103,
      0.20473450422286987,
      0.20646892488002777,
      0.19637951254844666,
      0.1998654305934906,
      0.1648975908756256,
      0.15613514184951782,
      0.16202221810817719,
      0.18102127313613892,
      0.15429598093032837,
      0.15726977586746216,
      0.1484072059392929,
      0.1464347541332245,
      0.1470075100660324,
      0.13178688287734985,
      0.1445160061120987,
      0.1412469446659088,
      0.1492682695388794,
      0.1316152811050415,
      0.14788934588432312
    ],
    "val_losses": [],
    "eval_steps": [
      1000,
      2000,
      3000,
      4000,
      5000
    ],
    "eval_accs": [
      0.46,
      0.438,
      0.408,
      0.392,
      0.438
    ],
    "eval_deltas": [
      -0.00413047487102449,
      -0.003699052349664271,
      -0.005884422425180674,
      -0.004710656418930739,
      -0.00195518840290606
    ]
  },
  "small random": {
    "size": "small",
    "condition": "random",
    "train_steps": [
      1,
      250,
      500,
      750,
      1000,
      1250,
      1500,
      1750,
      2000,
      2250,
      2500,
      2750,
      3000,
      3250,
      3500,
      3750,
      4000,
      4250,
      4500,
      4750,
      5000
    ],
    "train_losses": [
      4.159244060516357,
      0.34058907628059387,
      0.21436244249343872,
      0.19566117227077484,
      0.19631832838058472,
      0.1563643515110016,
      0.1670321226119995,
      0.16069483757019043,
      0.16985608637332916,
      0.16496828198432922,
      0.160148486495018,
      0.13813945651054382,
      0.12592127919197083,
      0.15154001116752625,
      0.13388463854789734,
      0.15948748588562012,
      0.15436075627803802,
      0.1264721006155014,
      0.1430983543395996,
      0.1316717267036438,
      0.13868951797485352
    ],
    "val_losses": [
      4.149082279205322,
      0.3768588364124298,
      0.21490797251462937,
      0.19822694659233092,
      0.18523783832788468,
      0.18201670944690704,
      0.17224262952804564,
      0.16162297129631042,
      0.16115400642156602,
      0.15591766387224198,
      0.15143632143735886,
      0.14667834788560868,
      0.1467652678489685,
      0.1433194801211357,
      0.14487241208553314,
      0.14003139734268188,
      0.13796712458133698,
      0.14400846213102342,
      0.1351277709007263,
      0.13502035811543464,
      0.13602242916822432
    ],
    "eval_steps": [
      1000,
      2000,
      3000,
      4000,
      5000
    ],
    "eval_accs": [
      0.654,
      0.772,
      0.854,
      0.872,
      0.834
    ],
    "eval_deltas": [
      0.0165616245996207,
      0.03279953164141625,
      0.04832070093136281,
      0.05789249206567183,
      0.0612464460558258
    ]
  },
  "small coherent": {
    "size": "small",
    "condition": "coherent",
    "train_steps": [
      1,
      250,
      500,
      750,
      1000,
      1250,
      1500,
      1750,
      2000,
      2250,
      2500,
      2750,
      3000,
      3250,
      3500,
      3750,
      4000,
      4250,
      4500,
      4750,
      5000
    ],
    "train_losses": [
      4.157217025756836,
      0.4063766598701477,
      0.19775009155273438,
      0.19750478863716125,
      0.18700966238975525,
      0.19134163856506348,
      0.1571977287530899,
      0.1455535739660263,
      0.15400497615337372,
      0.1698015034198761,
      0.14301179349422455,
      0.1437547504901886,
      0.13753435015678406,
      0.1349450796842575,
      0.13465678691864014,
      0.1229250356554985,
      0.13253900408744812,
      0.13030679523944855,
      0.13896998763084412,
      0.12235140055418015,
      0.1342146396636963
    ],
    "val_losses": [],
    "eval_steps": [
      1000,
      2000,
      3000,
      4000,
      5000
    ],
    "eval_accs": [
      0.476,
      0.502,
      0.436,
      0.44,
      0.522
    ],
    "eval_deltas": [
      -0.0021013505049049855,
      -0.0005572452088817954,
      -0.0036849747858941555,
      -0.0027024117885157467,
      -0.0005070926668122411
    ]
  },
  "medium random": {
    "size": "medium",
    "condition": "random",
    "train_steps": [
      1,
      250,
      500,
      750,
      1000,
      1250,
      1500,
      1750,
      2000,
      2250,
      2500,
      2750,
      3000,
      3250,
      3500,
      3750,
      4000,
      4250,
      4500,
      4750,
      5000
    ],
    "train_losses": [
      4.189272403717041,
      0.33181828260421753,
      0.21841862797737122,
      0.19472342729568481,
      0.1949910819530487,
      0.15976986289024353,
      0.16411806643009186,
      0.15719279646873474,
      0.16223368048667908,
      0.16334795951843262,
      0.15499651432037354,
      0.13734973967075348,
      0.1230439692735672,
      0.15289631485939026,
      0.13024070858955383,
      0.1549040675163269,
      0.15093982219696045,
      0.1246105432510376,
      0.14062896370887756,
      0.13076342642307281,
      0.13576969504356384
    ],
    "val_losses": [
      4.178844261169433,
      0.3750792473554611,
      0.21296826004981995,
      0.19663044214248657,
      0.18413576781749724,
      0.18244583755731583,
      0.16850174516439437,
      0.1593279868364334,
      0.1595067098736763,
      0.15380506664514543,
      0.14731062799692154,
      0.14387622177600862,
      0.14343269616365434,
      0.14079756885766984,
      0.14155304282903672,
      0.13605497181415557,
      0.13519693315029144,
      0.14178500324487686,
      0.13287732601165772,
      0.13244272023439407,
      0.13358042389154434
    ],
    "eval_steps": [
      1000,
      2000,
      3000,
      4000,
      5000
    ],
    "eval_accs": [
      0.688,
      0.794,
      0.846,
      0.874,
      0.862
    ],
    "eval_deltas": [
      0.02580236310698092,
      0.037889269726583734,
      0.05380276408232749,
      0.060966689141001555,
      0.06310276895109564
    ]
  },
  "medium coherent": {
    "size": "medium",
    "condition": "coherent",
    "train_steps": [
      1,
      250,
      500,
      750,
      1000,
      1250,
      1500,
      1750,
      2000,
      2250,
      2500,
      2750,
      3000,
      3250,
      3500,
      3750,
      4000,
      4250,
      4500,
      4750,
      5000
    ],