{
  "tiny coherent": {
    "size": "tiny",
    "condition": "coherent",
    "train_steps": [
      1,
      250,
      500,
      750,
      1000,
      1250,
      1500,
      1750,
      2000,
      2250,
      2500,
      2750,
      3000,
      3250,
      3500,
      3750,
      4000,
      4250,
      4500,
      4750,
      5000
    ],
    "train_losses": [
      4.165111064910889,
      0.4309200644493103,
      0.20473450422286987,
      0.20646892488002777,
      0.19637951254844666,
      0.1998654305934906,
      0.1648975908756256,
      0.15613514184951782,
      0.16202221810817719,
      0.18102127313613892,
      0.15429598093032837,
      0.15726977586746216,
      0.1484072059392929,
      0.1464347541332245,
      0.1470075100660324,
      0.13178688287734985,
      0.1445160061120987,
      0.1412469446659088,
      0.1492682695388794,
      0.1316152811050415,
      0.14788934588432312
    ],
    "val_losses": [],
    "eval_steps": [
      1000,
      2000,
      3000,
      4000,
      5000
    ],
    "eval_accs": [
      0.46,
      0.438,
      0.408,
      0.392,
      0.438
    ],
    "eval_deltas": [
      -0.00413047487102449,
      -0.003699052349664271,
      -0.005884422425180674,
      -0.004710656418930739,
      -0.00195518840290606
    ]
  },
  "small random": {
    "size": "small",
    "condition": "random",
    "train_steps": [
      1,
      250,
      500,
      750,
      1000,
      1250,
      1500,
      1750,
      2000,
      2250,
      2500,
      2750,
      3000,
      3250,
      3500,
      3750,
      4000,
      4250,
      4500,
      4750,
      5000
    ],
    "train_losses": [
      4.15763521194458,
      0.3906102776527405,
      0.22032396495342255,
      0.19250699877738953,
      0.23054003715515137,
      0.17884710431098938,
      0.15985509753227234,
      0.15542148053646088,
      0.16013400256633759,
      0.1579870879650116,
      0.1527293622493744,
      0.16393902897834778,
      0.14303350448608398,
      0.14709416031837463,
      0.1520441174507141,
      0.14419254660606384,
      0.1309140920639038,
      0.15549589693546295,
      0.14976933598518372,
      0.13897092640399933,
      0.12905335426330566
    ],
    "val_losses": [
      4.149090671539307,
      0.3765542507171631,
      0.20577988028526306,
      0.19032738953828812,
      0.1820981666445732,
      0.1826378583908081,
      0.17277381122112273,
      0.15847927927970887,
      0.1598702847957611,
      0.1567551612854004,
      0.14980041831731797,
      0.14481979459524155,
      0.1477324903011322,
      0.14067156612873077,
      0.13679059520363807,
      0.1419374644756317,
      0.13885215073823928,
      0.13292818516492844,
      0.1353885442018509,
      0.13580914512276648,
      0.1326508715748787
    ],
    "eval_steps": [
      1000,
      2000,
      3000,
      4000,
      5000
    ],
    "eval_accs": [
      0.634,
      0.748,
      0.846,
      0.862,
      0.854
    ],
    "eval_deltas": [
      0.013892015995457769,
      0.027125306443311275,
      0.03917936467193067,
      0.04190435845823959,
      0.043771939869970085
    ]
  },
  "small coherent": {
    "size": "small",
    "condition": "coherent",
    "train_steps": [
      1,
      250,
      500,
      750,
      1000,
      1250,
      1500,
      1750,
      2000,
      2250,
      2500,
      2750,
      3000,
      3250,
      3500,
      3750,
      4000,
      4250,
      4500,
      4750,
      5000
    ],
    "train_losses": [
      4.157217025756836,
      0.4063766598701477,
      0.19775009155273438,
      0.19750478863716125,
      0.18700966238975525,
      0.19134163856506348,
      0.1571977287530899,
      0.1455535739660263,
      0.15400497615337372,
      0.1698015034198761,
      0.14301179349422455,
      0.1437547504901886,
      0.13753435015678406,
      0.1349450796842575,
      0.13465678691864014,
      0.1229250356554985,
      0.13253900408744812,
      0.13030679523944855,
      0.13896998763084412,
      0.12235140055418015,
      0.1342146396636963
    ],
    "val_losses": [],
    "eval_steps": [
      1000,
      2000,
      3000,
      4000,
      5000
    ],
    "eval_accs": [
      0.476,
      0.502,
      0.436,
      0.44,
      0.522
    ],
    "eval_deltas": [
      -0.0021013505049049855,
      -0.0005572452088817954,
      -0.0036849747858941555,
      -0.0027024117885157467,
      -0.0005070926668122411
    ]
  },
  "medium random": {
    "size": "medium",
    "condition": "random",
    "train_steps": [
      1,
      250,
      500,
      750,
      1000,
      1250,
      1500,
      1750,
      2000,
      2250,
      2500,
      2750,
      3000,
      3250,
      3500,
      3750,
      4000,
      4250,
      4500,
      4750,
      5000
    ],
    "train_losses": [
      4.184371471405029,
      0.3985261917114258,
      0.22425183653831482,
      0.1917532980442047,
      0.224604532122612,
      0.172991544008255,
      0.16234584152698517,
      0.15344007313251495,
      0.15518072247505188,
      0.15376268327236176,
      0.1424538642168045,
      0.16229921579360962,
      0.13853639364242554,
      0.14385664463043213,
      0.14848566055297852,
      0.14296987652778625,
      0.12901361286640167,
      0.15199056267738342,
      0.14659996330738068,
      0.13452360033988953,
      0.12655800580978394
    ],
    "val_losses": [
      4.180582666397095,
      0.3802434504032135,
      0.2066388890147209,
      0.18566302806138993,
      0.17885558158159257,
      0.17567488849163054,
      0.17203122973442078,
      0.15456755459308624,
      0.15807498544454573,
      0.15103281587362288,
      0.1443171665072441,
      0.1409740313887596,
      0.14476062059402467,
      0.1378399610519409,
      0.13396776095032692,
      0.1392808437347412,
      0.1364179730415344,
      0.13071245104074478,
      0.13258357346057892,
      0.13285845145583153,
      0.13032556623220443
    ],
    "eval_steps": [
      1000,
      2000,
      3000,
      4000,
      5000
    ],
    "eval_accs": [
      0.656,
      0.744,
      0.882,
      0.844,
      0.866
    ],
    "eval_deltas": [
      0.014180961383506656,
      0.02524330453760922,
      0.04213869976694696,
      0.04406733484845608,
      0.044779085311573
    ]
  },
  "medium coherent": {
    "size": "medium",
    "condition": "coherent",
    "train_steps": [
      1,
      250,
      500,
      750,
      1000,
      1250,
      1500,
      1750,
      2000,
      2250,
      2500,
      2750,
      3000,
      3250,
      3500,
      3750,
      4000,
      4250,
      4500,
      4750,
      5000
    ],
    "train_losses": [
      4.195876121520996,
      0.4001506268978119,
      0.18453344702720642,
      0.19190546870231628,
      0.1828688085079193,
      0.18444180488586426,
      0.15120139718055725,
      0.14103567600250244,
      0.14313599467277527,
      0.16200029850006104,
      0.13882026076316833,
      0.13980405032634735,
      0.132754847407341,
      0.13240042328834534,
      0.13089559972286224,
      0.11998508870601654,
      0.130597323179245,
      0.12802943587303162,
      0.13402196764945984,
      0.12041432410478592,
      0.13282842934131622
    ],
    "val_losses": [],
    "eval_steps": [
      1000,
      2000,
      3000,
      4000,
      5000
    ],
    "eval_accs": [
      0.554,
      0.478,
      0.468,
      0.49,
      0.558
    ],
    "eval_deltas": [
      0.00224795510713011,
      -0.0018799507673829795,
      -0.002082493829075247,
      0.00029533847700804474,
      0.0010409213297534734
    ]
  },
  "large random": {
    "size": "large",
    "condition": "random",
    "train_steps": [
      1,
      250,
      500,
      750,
      1000,
      1250,
      1500,
      1750,
      2000,
      2250,
      2500,
      2750,
      3000,
      3250,
      3500,
      3750,
      4000,
      4250,
      4500,
      4750,
      5000
    ],