{
  "model_size": "large",
  "weights": "results/wiki_random_50_50_large_seed43/model_final.npz",
  "n_pairs": 2000,
  "avg_correct_nll": 1.2419400638056974,
  "avg_incorrect_nll": 1.3109073822425596,
  "delta": 0.06896731843686221,
  "pair_accuracy": 0.7145,
  "correct_wins": 1429,
  "bootstrap_ci_95": [
    0.06335682707425495,
    0.07465074459203029
  ],
  "wilcoxon_p": 1.2966675798054532e-120,
  "robustness": {
    "sum_nll": {
      "avg_correct": 306.5663715207577,
      "avg_incorrect": 325.2467936284542,
      "delta": 18.68042210769653,
      "pair_accuracy": 0.73,
      "correct_wins": 1460
    },
    "length_matched_mean_nll": {
      "avg_correct": 1.2418655528821203,
      "avg_incorrect": 1.3117855323585326,
      "delta": 0.06991997947641226,
      "pair_accuracy": 0.713,
      "correct_wins": 1426
    },
    "completion_lengths": {
      "correct_mean": 472.187,
      "incorrect_mean": 500.3365,
      "correct_min": 22,
      "incorrect_min": 27,
      "correct_max": 997,
      "incorrect_max": 1210,
      "correct_scored_mean": 247.4325,
      "incorrect_scored_mean": 248.8135
    }
  },
  "by_type": {
    "CARDINAL": {
      "n": 172,
      "avg_correct_nll": 1.2912281439376871,
      "avg_incorrect_nll": 1.3336645837685674,
      "delta": 0.0424364398308803,
      "accuracy": 0.6453488372093024,
      "correct_wins": 111,
      "avg_correct_sum_nll": 309.9206776508065,
      "avg_incorrect_sum_nll": 322.24499203437983,
      "sum_delta": 12.324314383573324,
      "sum_accuracy": 0.686046511627907,
      "sum_correct_wins": 118,
      "avg_correct_matched_mean_nll": 1.2913610899777053,
      "avg_incorrect_matched_mean_nll": 1.3344558108981843,
      "matched_mean_delta": 0.04309472092047906,
      "matched_mean_accuracy": 0.6569767441860465,
      "matched_mean_correct_wins": 113
    },
    "DATE": {
      "n": 211,
      "avg_correct_nll": 1.2088449951358493,
      "avg_incorrect_nll": 1.2688068874486607,
      "delta": 0.05996189231281135,
      "accuracy": 0.6777251184834123,
      "correct_wins": 143,
      "avg_correct_sum_nll": 299.28475698136606,
      "avg_incorrect_sum_nll": 317.217679664422,
      "sum_delta": 17.93292268305595,
      "sum_accuracy": 0.7014218009478673,
      "sum_correct_wins": 148,
      "avg_correct_matched_mean_nll": 1.2086856281548606,
      "avg_incorrect_matched_mean_nll": 1.2704371344345018,
      "matched_mean_delta": 0.06175150627964121,
      "matched_mean_accuracy": 0.6777251184834123,
      "matched_mean_correct_wins": 143
    },
    "EVENT": {
      "n": 8,
      "avg_correct_nll": 1.1339629482637483,
      "avg_incorrect_nll": 1.197568524450074,
      "delta": 0.06360557618632567,
      "accuracy": 0.625,
      "correct_wins": 5,
      "avg_correct_sum_nll": 279.5975903570652,
      "avg_incorrect_sum_nll": 293.1733357310295,
      "sum_delta": 13.57574537396431,
      "sum_accuracy": 0.625,
      "sum_correct_wins": 5,
      "avg_correct_matched_mean_nll": 1.1339629482637483,
      "avg_incorrect_matched_mean_nll": 1.1995814411895704,
      "matched_mean_delta": 0.06561849292582211,
      "matched_mean_accuracy": 0.625,
      "matched_mean_correct_wins": 5
    },
    "GPE": {
      "n": 301,
      "avg_correct_nll": 1.2064884170694754,
      "avg_incorrect_nll": 1.3003234550250728,
      "delta": 0.09383503795559744,
      "accuracy": 0.7840531561461794,
      "correct_wins": 236,
      "avg_correct_sum_nll": 299.1123566667107,
      "avg_incorrect_sum_nll": 323.29798875457027,
      "sum_delta": 24.185632087859574,
      "sum_accuracy": 0.7774086378737541,
      "sum_correct_wins": 234,
      "avg_correct_matched_mean_nll": 1.2062875615869093,
      "avg_incorrect_matched_mean_nll": 1.3014629207170385,
      "matched_mean_delta": 0.0951753591301292,
      "matched_mean_accuracy": 0.7740863787375415,
      "matched_mean_correct_wins": 233
    },
    "LOC": {
      "n": 45,
      "avg_correct_nll": 1.1932245796090222,
      "avg_incorrect_nll": 1.2836927961002143,
      "delta": 0.09046821649119208,
      "accuracy": 0.7555555555555555,
      "correct_wins": 34,
      "avg_correct_sum_nll": 285.31186538272436,
      "avg_incorrect_sum_nll": 301.2197411272261,
      "sum_delta": 15.907875744501723,
      "sum_accuracy": 0.7777777777777778,
      "sum_correct_wins": 35,
      "avg_correct_matched_mean_nll": 1.191637119427262,
      "avg_incorrect_matched_mean_nll": 1.2822031372789442,
      "matched_mean_delta": 0.09056601785168228,
      "matched_mean_accuracy": 0.7555555555555555,
      "matched_mean_correct_wins": 34
    },
    "NORP": {
      "n": 197,
      "avg_correct_nll": 1.1872748850588801,
      "avg_incorrect_nll": 1.277345923810464,
      "delta": 0.09007103875158395,
      "accuracy": 0.817258883248731,
      "correct_wins": 161,
      "avg_correct_sum_nll": 291.04864169256336,
      "avg_incorrect_sum_nll": 314.65601158505166,
      "sum_delta": 23.607369892488293,
      "sum_accuracy": 0.8274111675126904,
      "sum_correct_wins": 163,
      "avg_correct_matched_mean_nll": 1.1877858428460224,
      "avg_incorrect_matched_mean_nll": 1.2786444843092317,
      "matched_mean_delta": 0.09085864146320932,
      "matched_mean_accuracy": 0.8121827411167513,
      "matched_mean_correct_wins": 160
    },
    "ORG": {
      "n": 664,
      "avg_correct_nll": 1.2383327811058058,
      "avg_incorrect_nll": 1.3038713975874165,
      "delta": 0.06553861648161075,
      "accuracy": 0.6746987951807228,
      "correct_wins": 448,
      "avg_correct_sum_nll": 305.6361717542252,
      "avg_incorrect_sum_nll": 323.7051871146064,
      "sum_delta": 18.06901536038123,
      "sum_accuracy": 0.697289156626506,
      "sum_correct_wins": 463,
      "avg_correct_matched_mean_nll": 1.2385204472823506,
      "avg_incorrect_matched_mean_nll": 1.3048555071345387,
      "matched_mean_delta": 0.06633505985218813,
      "matched_mean_accuracy": 0.6716867469879518,
      "matched_mean_correct_wins": 446
    },
    "PERSON": {
      "n": 402,
      "avg_correct_nll": 1.3051160464257865,
      "avg_incorrect_nll": 1.364563094163918,
      "delta": 0.059447047738131475,
      "accuracy": 0.7238805970149254,
      "correct_wins": 291,
      "avg_correct_sum_nll": 326.5912146331066,
      "avg_incorrect_sum_nll": 343.2688309446496,
      "sum_delta": 16.677616311543034,
      "sum_accuracy": 0.7313432835820896,
      "sum_correct_wins": 294,
      "avg_correct_matched_mean_nll": 1.3045398326200393,
      "avg_incorrect_matched_mean_nll": 1.364749447481958,
      "matched_mean_delta": 0.06020961486191867,
      "matched_mean_accuracy": 0.7263681592039801,
      "matched_mean_correct_wins": 292
    }
  }
}