{
  "model_size": "tiny",
  "weights": "results/world_coherent_50_50_tiny_seed44/model_final.npz",
  "correct_loss": 0.7044723844528198,
  "correct_ppl": 2.0227791535941013,
  "incorrect_loss": 0.7291559088230133,
  "incorrect_ppl": 2.073329789470701,
  "ratio_inc_over_cor": 1.0350383136584775,
  "prefers": "correct",
  "delta": 0.0246835243701935
}