{
  "model_size": "medium",
  "weights": "results/wiki_random_50_50_medium_seed44/model_final.npz",
  "n_pairs": 2000,
  "avg_correct_nll": 1.251093574066029,
  "avg_incorrect_nll": 1.3195116463281373,
  "delta": 0.06841807226210839,
  "pair_accuracy": 0.713,
  "correct_wins": 1426,
  "bootstrap_ci_95": [
    0.06295334862467734,
    0.07391550324745304
  ],
  "wilcoxon_p": 4.719719578938161e-123,
  "robustness": {
    "sum_nll": {
      "avg_correct": 308.8643865505457,
      "avg_incorrect": 327.42161191141605,
      "delta": 18.557225360870348,
      "pair_accuracy": 0.7255,
      "correct_wins": 1451
    },
    "length_matched_mean_nll": {
      "avg_correct": 1.2509397733397298,
      "avg_incorrect": 1.3201769091684366,
      "delta": 0.06923713582870672,
      "pair_accuracy": 0.7125,
      "correct_wins": 1425
    },
    "completion_lengths": {
      "correct_mean": 472.187,
      "incorrect_mean": 500.3365,
      "correct_min": 22,
      "incorrect_min": 27,
      "correct_max": 997,
      "incorrect_max": 1210,
      "correct_scored_mean": 247.4325,
      "incorrect_scored_mean": 248.8135
    }
  },
  "by_type": {
    "CARDINAL": {
      "n": 172,
      "avg_correct_nll": 1.297075536385905,
      "avg_incorrect_nll": 1.337464965181415,
      "delta": 0.040389428795509996,
      "accuracy": 0.6162790697674418,
      "correct_wins": 106,
      "avg_correct_sum_nll": 311.5256894272427,
      "avg_incorrect_sum_nll": 323.31692342979966,
      "sum_delta": 11.791234002556962,
      "sum_accuracy": 0.6453488372093024,
      "sum_correct_wins": 111,
      "avg_correct_matched_mean_nll": 1.2972129013038547,
      "avg_incorrect_matched_mean_nll": 1.338679430807489,
      "matched_mean_delta": 0.041466529503634275,
      "matched_mean_accuracy": 0.622093023255814,
      "matched_mean_correct_wins": 107
    },
    "DATE": {
      "n": 211,
      "avg_correct_nll": 1.2187434704223623,
      "avg_incorrect_nll": 1.2790638731591908,
      "delta": 0.06032040273682848,
      "accuracy": 0.6872037914691943,
      "correct_wins": 145,
      "avg_correct_sum_nll": 301.6629127156678,
      "avg_incorrect_sum_nll": 319.8017157999825,
      "sum_delta": 18.138803084314702,
      "sum_accuracy": 0.7061611374407583,
      "sum_correct_wins": 149,
      "avg_correct_matched_mean_nll": 1.218530595956069,
      "avg_incorrect_matched_mean_nll": 1.2799709642239643,
      "matched_mean_delta": 0.06144036826789523,
      "matched_mean_accuracy": 0.6777251184834123,
      "matched_mean_correct_wins": 143
    },
    "EVENT": {
      "n": 8,
      "avg_correct_nll": 1.1418018878981722,
      "avg_incorrect_nll": 1.2148286631956018,
      "delta": 0.07302677529742962,
      "accuracy": 0.625,
      "correct_wins": 5,
      "avg_correct_sum_nll": 281.7343080043793,
      "avg_incorrect_sum_nll": 297.2246673107147,
      "sum_delta": 15.49035930633545,
      "sum_accuracy": 0.625,
      "sum_correct_wins": 5,
      "avg_correct_matched_mean_nll": 1.1418018878981722,
      "avg_incorrect_matched_mean_nll": 1.2162112744310556,
      "matched_mean_delta": 0.07440938653288343,
      "matched_mean_accuracy": 0.625,
      "matched_mean_correct_wins": 5
    },
    "GPE": {
      "n": 301,
      "avg_correct_nll": 1.220045829389533,
      "avg_incorrect_nll": 1.3108821706171696,
      "delta": 0.09083634122763651,
      "accuracy": 0.7740863787375415,
      "correct_wins": 233,
      "avg_correct_sum_nll": 302.46180530877604,
      "avg_incorrect_sum_nll": 325.87359934233353,
      "sum_delta": 23.4117940335575,
      "sum_accuracy": 0.7641196013289037,
      "sum_correct_wins": 230,
      "avg_correct_matched_mean_nll": 1.2195985840698427,
      "avg_incorrect_matched_mean_nll": 1.3115893304100819,
      "matched_mean_delta": 0.09199074634023918,
      "matched_mean_accuracy": 0.7674418604651163,
      "matched_mean_correct_wins": 231
    },
    "LOC": {
      "n": 45,
      "avg_correct_nll": 1.1946564135118203,
      "avg_incorrect_nll": 1.2848087656425196,
      "delta": 0.09015235213069928,
      "accuracy": 0.7777777777777778,
      "correct_wins": 35,
      "avg_correct_sum_nll": 285.32924128108556,
      "avg_incorrect_sum_nll": 301.7054995218913,
      "sum_delta": 16.376258240805726,
      "sum_accuracy": 0.8222222222222222,
      "sum_correct_wins": 37,
      "avg_correct_matched_mean_nll": 1.1930607463415248,
      "avg_incorrect_matched_mean_nll": 1.281664135800625,
      "matched_mean_delta": 0.08860338945910029,
      "matched_mean_accuracy": 0.7777777777777778,
      "matched_mean_correct_wins": 35
    },
    "NORP": {
      "n": 197,
      "avg_correct_nll": 1.1942483971444176,
      "avg_incorrect_nll": 1.28572723211303,
      "delta": 0.09147883496861242,
      "accuracy": 0.7969543147208121,
      "correct_wins": 157,
      "avg_correct_sum_nll": 292.8838024671913,
      "avg_incorrect_sum_nll": 316.85299525406157,
      "sum_delta": 23.96919278687028,
      "sum_accuracy": 0.8121827411167513,
      "sum_correct_wins": 160,
      "avg_correct_matched_mean_nll": 1.19467920596861,
      "avg_incorrect_matched_mean_nll": 1.2874224407371062,
      "matched_mean_delta": 0.09274323476849622,
      "matched_mean_accuracy": 0.7969543147208121,
      "matched_mean_correct_wins": 157
    },
    "ORG": {
      "n": 664,
      "avg_correct_nll": 1.2493236053989956,
      "avg_incorrect_nll": 1.3139772024459873,
      "delta": 0.0646535970469917,
      "accuracy": 0.677710843373494,
      "correct_wins": 450,
      "avg_correct_sum_nll": 308.3833480351661,
      "avg_incorrect_sum_nll": 326.21024882793427,
      "sum_delta": 17.826900792768186,
      "sum_accuracy": 0.6987951807228916,
      "sum_correct_wins": 464,
      "avg_correct_matched_mean_nll": 1.2494018404742575,
      "avg_incorrect_matched_mean_nll": 1.314782732273824,
      "matched_mean_delta": 0.06538089179956641,
      "matched_mean_accuracy": 0.6807228915662651,
      "matched_mean_correct_wins": 452
    },
    "PERSON": {
      "n": 402,
      "avg_correct_nll": 1.3109197189918251,
      "avg_incorrect_nll": 1.3711869580667502,
      "delta": 0.06026723907492504,
      "accuracy": 0.7338308457711443,
      "correct_wins": 295,
      "avg_correct_sum_nll": 328.0998359094212,
      "avg_incorrect_sum_nll": 344.9960384410412,
      "sum_delta": 16.89620253162002,
      "sum_accuracy": 0.7338308457711443,
      "sum_correct_wins": 295,
      "avg_correct_matched_mean_nll": 1.310380656129767,
      "avg_incorrect_matched_mean_nll": 1.371134733760668,
      "matched_mean_delta": 0.060754077630901016,
      "matched_mean_accuracy": 0.7338308457711443,
      "matched_mean_correct_wins": 295
    }
  }
}