{
  "model_size": "small",
  "weights": "results/wiki_random_50_50_small_seed45/model_final.npz",
  "n_pairs": 2000,
  "avg_correct_nll": 1.2957047166858886,
  "avg_incorrect_nll": 1.3609861843723925,
  "delta": 0.06528146768650389,
  "pair_accuracy": 0.703,
  "correct_wins": 1406,
  "bootstrap_ci_95": [
    0.05986329308133369,
    0.07079536647136916
  ],
  "wilcoxon_p": 3.646985213414362e-113,
  "robustness": {
    "sum_nll": {
      "avg_correct": 319.7352993811369,
      "avg_incorrect": 337.6547786575556,
      "delta": 17.919479276418713,
      "pair_accuracy": 0.718,
      "correct_wins": 1436
    },
    "length_matched_mean_nll": {
      "avg_correct": 1.295540596635976,
      "avg_incorrect": 1.361445152214419,
      "delta": 0.06590455557844299,
      "pair_accuracy": 0.702,
      "correct_wins": 1404
    },
    "completion_lengths": {
      "correct_mean": 472.187,
      "incorrect_mean": 500.3365,
      "correct_min": 22,
      "incorrect_min": 27,
      "correct_max": 997,
      "incorrect_max": 1210,
      "correct_scored_mean": 247.4325,
      "incorrect_scored_mean": 248.8135
    }
  },
  "by_type": {
    "CARDINAL": {
      "n": 172,
      "avg_correct_nll": 1.3408100802515948,
      "avg_incorrect_nll": 1.3765071405281342,
      "delta": 0.035697060276539405,
      "accuracy": 0.622093023255814,
      "correct_wins": 107,
      "avg_correct_sum_nll": 321.56369928842366,
      "avg_incorrect_sum_nll": 332.7106383470602,
      "sum_delta": 11.14693905863652,
      "sum_accuracy": 0.6569767441860465,
      "sum_correct_wins": 113,
      "avg_correct_matched_mean_nll": 1.3408491933381432,
      "avg_incorrect_matched_mean_nll": 1.3772749755949083,
      "matched_mean_delta": 0.03642578225676507,
      "matched_mean_accuracy": 0.6162790697674418,
      "matched_mean_correct_wins": 106
    },
    "DATE": {
      "n": 211,
      "avg_correct_nll": 1.2593727431360409,
      "avg_incorrect_nll": 1.317434596217327,
      "delta": 0.0580618530812862,
      "accuracy": 0.6824644549763034,
      "correct_wins": 144,
      "avg_correct_sum_nll": 311.6581811611121,
      "avg_incorrect_sum_nll": 329.3507812215254,
      "sum_delta": 17.69260006041327,
      "sum_accuracy": 0.7061611374407583,
      "sum_correct_wins": 149,
      "avg_correct_matched_mean_nll": 1.2592029718553774,
      "avg_incorrect_matched_mean_nll": 1.3181933635471914,
      "matched_mean_delta": 0.05899039169181397,
      "matched_mean_accuracy": 0.6824644549763034,
      "matched_mean_correct_wins": 144
    },
    "EVENT": {
      "n": 8,
      "avg_correct_nll": 1.1982910865682355,
      "avg_incorrect_nll": 1.2544906385132313,
      "delta": 0.05619955194499582,
      "accuracy": 0.5,
      "correct_wins": 4,
      "avg_correct_sum_nll": 295.1935604214668,
      "avg_incorrect_sum_nll": 307.341972887516,
      "sum_delta": 12.148412466049194,
      "sum_accuracy": 0.5,
      "sum_correct_wins": 4,
      "avg_correct_matched_mean_nll": 1.1982910865682355,
      "avg_incorrect_matched_mean_nll": 1.25548719201666,
      "matched_mean_delta": 0.05719610544842446,
      "matched_mean_accuracy": 0.5,
      "matched_mean_correct_wins": 4
    },
    "GPE": {
      "n": 301,
      "avg_correct_nll": 1.2656658075322165,
      "avg_incorrect_nll": 1.3589413934111219,
      "delta": 0.09327558587890539,
      "accuracy": 0.7740863787375415,
      "correct_wins": 233,
      "avg_correct_sum_nll": 313.60948932131265,
      "avg_incorrect_sum_nll": 337.783027462785,
      "sum_delta": 24.173538141472363,
      "sum_accuracy": 0.7641196013289037,
      "sum_correct_wins": 230,
      "avg_correct_matched_mean_nll": 1.2652395928802078,
      "avg_incorrect_matched_mean_nll": 1.3598457657002518,
      "matched_mean_delta": 0.09460617282004402,
      "matched_mean_accuracy": 0.7774086378737541,
      "matched_mean_correct_wins": 234
    },
    "LOC": {
      "n": 45,
      "avg_correct_nll": 1.2372646508887633,
      "avg_incorrect_nll": 1.3272251809042217,
      "delta": 0.08996053001545845,
      "accuracy": 0.7777777777777778,
      "correct_wins": 35,
      "avg_correct_sum_nll": 294.899660343594,
      "avg_incorrect_sum_nll": 311.34233442412483,
      "sum_delta": 16.44267408053082,
      "sum_accuracy": 0.8,
      "sum_correct_wins": 36,
      "avg_correct_matched_mean_nll": 1.2353242913770763,
      "avg_incorrect_matched_mean_nll": 1.3250524726472006,
      "matched_mean_delta": 0.08972818127012427,
      "matched_mean_accuracy": 0.7777777777777778,
      "matched_mean_correct_wins": 35
    },
    "NORP": {
      "n": 197,
      "avg_correct_nll": 1.2412721982033816,
      "avg_incorrect_nll": 1.3291745360327494,
      "delta": 0.08790233782936774,
      "accuracy": 0.766497461928934,
      "correct_wins": 151,
      "avg_correct_sum_nll": 304.08542413396884,
      "avg_incorrect_sum_nll": 327.2249003812141,
      "sum_delta": 23.139476247245284,
      "sum_accuracy": 0.7868020304568528,
      "sum_correct_wins": 155,
      "avg_correct_matched_mean_nll": 1.2415455624246874,
      "avg_incorrect_matched_mean_nll": 1.3304921092245323,
      "matched_mean_delta": 0.08894654679984493,
      "matched_mean_accuracy": 0.7715736040609137,
      "matched_mean_correct_wins": 152
    },
    "ORG": {
      "n": 664,
      "avg_correct_nll": 1.2936762120847964,
      "avg_incorrect_nll": 1.3531465636036621,
      "delta": 0.059470351518865705,
      "accuracy": 0.6641566265060241,
      "correct_wins": 441,
      "avg_correct_sum_nll": 319.2962280662663,
      "avg_incorrect_sum_nll": 335.86838106362217,
      "sum_delta": 16.572152997355886,
      "sum_accuracy": 0.6882530120481928,
      "sum_correct_wins": 457,
      "avg_correct_matched_mean_nll": 1.2937222538580024,
      "avg_incorrect_matched_mean_nll": 1.3535603563755487,
      "matched_mean_delta": 0.05983810251754629,
      "matched_mean_accuracy": 0.6626506024096386,
      "matched_mean_correct_wins": 440
    },
    "PERSON": {
      "n": 402,
      "avg_correct_nll": 1.3564730767330586,
      "avg_incorrect_nll": 1.4131724409832414,
      "delta": 0.05669936425018274,
      "accuracy": 0.7238805970149254,
      "correct_wins": 291,
      "avg_correct_sum_nll": 339.442171106291,
      "avg_incorrect_sum_nll": 355.64320940757864,
      "sum_delta": 16.20103830128761,
      "sum_accuracy": 0.7263681592039801,
      "sum_correct_wins": 292,
      "avg_correct_matched_mean_nll": 1.3560552570534148,
      "avg_incorrect_matched_mean_nll": 1.4129461504637475,
      "matched_mean_delta": 0.05689089341033271,
      "matched_mean_accuracy": 0.7189054726368159,
      "matched_mean_correct_wins": 289
    }
  }
}