{
  "model_size": "small",
  "weights": "results/wiki_random_50_50_small_seed43/model_final.npz",
  "n_pairs": 2000,
  "avg_correct_nll": 1.2946260824863876,
  "avg_incorrect_nll": 1.3597553348659275,
  "delta": 0.06512925237953993,
  "pair_accuracy": 0.7065,
  "correct_wins": 1413,
  "bootstrap_ci_95": [
    0.05965447003757472,
    0.07057292230619529
  ],
  "wilcoxon_p": 3.783121381379064e-115,
  "robustness": {
    "sum_nll": {
      "avg_correct": 319.47197900223733,
      "avg_incorrect": 337.3552557003498,
      "delta": 17.883276698112468,
      "pair_accuracy": 0.7205,
      "correct_wins": 1441
    },
    "length_matched_mean_nll": {
      "avg_correct": 1.294448390837797,
      "avg_incorrect": 1.3603077726246884,
      "delta": 0.06585938178689132,
      "pair_accuracy": 0.704,
      "correct_wins": 1408
    },
    "completion_lengths": {
      "correct_mean": 472.187,
      "incorrect_mean": 500.3365,
      "correct_min": 22,
      "incorrect_min": 27,
      "correct_max": 997,
      "incorrect_max": 1210,
      "correct_scored_mean": 247.4325,
      "incorrect_scored_mean": 248.8135
    }
  },
  "by_type": {
    "CARDINAL": {
      "n": 172,
      "avg_correct_nll": 1.3411467759544549,
      "avg_incorrect_nll": 1.3763865350287743,
      "delta": 0.03523975907431942,
      "accuracy": 0.6337209302325582,
      "correct_wins": 109,
      "avg_correct_sum_nll": 321.5113954613375,
      "avg_incorrect_sum_nll": 332.48139698560846,
      "sum_delta": 10.97000152427097,
      "sum_accuracy": 0.6627906976744186,
      "sum_correct_wins": 114,
      "avg_correct_matched_mean_nll": 1.3410708264391633,
      "avg_incorrect_matched_mean_nll": 1.3772501736528742,
      "matched_mean_delta": 0.036179347213710855,
      "matched_mean_accuracy": 0.627906976744186,
      "matched_mean_correct_wins": 108
    },
    "DATE": {
      "n": 211,
      "avg_correct_nll": 1.2625936645253524,
      "avg_incorrect_nll": 1.3204455414544882,
      "delta": 0.05785187692913585,
      "accuracy": 0.6824644549763034,
      "correct_wins": 144,
      "avg_correct_sum_nll": 312.5510423872708,
      "avg_incorrect_sum_nll": 330.19007189013945,
      "sum_delta": 17.639029502868652,
      "sum_accuracy": 0.7014218009478673,
      "sum_correct_wins": 148,
      "avg_correct_matched_mean_nll": 1.2624706696892454,
      "avg_incorrect_matched_mean_nll": 1.3210596750889798,
      "matched_mean_delta": 0.05858900539973444,
      "matched_mean_accuracy": 0.6729857819905213,
      "matched_mean_correct_wins": 142
    },
    "EVENT": {
      "n": 8,
      "avg_correct_nll": 1.1908310045189947,
      "avg_incorrect_nll": 1.2432484308936895,
      "delta": 0.05241742637469482,
      "accuracy": 0.625,
      "correct_wins": 5,
      "avg_correct_sum_nll": 293.74864876270294,
      "avg_incorrect_sum_nll": 305.0899048149586,
      "sum_delta": 11.34125605225563,
      "sum_accuracy": 0.625,
      "sum_correct_wins": 5,
      "avg_correct_matched_mean_nll": 1.1908310045189947,
      "avg_incorrect_matched_mean_nll": 1.2448975530379776,
      "matched_mean_delta": 0.05406654851898285,
      "matched_mean_accuracy": 0.625,
      "matched_mean_correct_wins": 5
    },
    "GPE": {
      "n": 301,
      "avg_correct_nll": 1.2616324606605172,
      "avg_incorrect_nll": 1.354580917866653,
      "delta": 0.09294845720613587,
      "accuracy": 0.7740863787375415,
      "correct_wins": 233,
      "avg_correct_sum_nll": 312.4662922482158,
      "avg_incorrect_sum_nll": 336.6114560694393,
      "sum_delta": 24.145163821223548,
      "sum_accuracy": 0.7641196013289037,
      "sum_correct_wins": 230,
      "avg_correct_matched_mean_nll": 1.2611187521653875,
      "avg_incorrect_matched_mean_nll": 1.3557402158511669,
      "matched_mean_delta": 0.0946214636857794,
      "matched_mean_accuracy": 0.7807308970099668,
      "matched_mean_correct_wins": 235
    },
    "LOC": {
      "n": 45,
      "avg_correct_nll": 1.2332816225902135,
      "avg_incorrect_nll": 1.326309652106306,
      "delta": 0.09302802951609257,
      "accuracy": 0.8222222222222222,
      "correct_wins": 37,
      "avg_correct_sum_nll": 293.64742233488295,
      "avg_incorrect_sum_nll": 310.4548794799381,
      "sum_delta": 16.80745714505514,
      "sum_accuracy": 0.8444444444444444,
      "sum_correct_wins": 38,
      "avg_correct_matched_mean_nll": 1.2320435023057048,
      "avg_incorrect_matched_mean_nll": 1.322105143479063,
      "matched_mean_delta": 0.09006164117335813,
      "matched_mean_accuracy": 0.8222222222222222,
      "matched_mean_correct_wins": 37
    },
    "NORP": {
      "n": 197,
      "avg_correct_nll": 1.238083394945823,
      "avg_incorrect_nll": 1.3259182782964962,
      "delta": 0.08783488335067324,
      "accuracy": 0.7868020304568528,
      "correct_wins": 155,
      "avg_correct_sum_nll": 303.52561924300215,
      "avg_incorrect_sum_nll": 326.5407460038432,
      "sum_delta": 23.015126760841042,
      "sum_accuracy": 0.8020304568527918,
      "sum_correct_wins": 158,
      "avg_correct_matched_mean_nll": 1.2383721537132102,
      "avg_incorrect_matched_mean_nll": 1.3276485418675144,
      "matched_mean_delta": 0.08927638815430416,
      "matched_mean_accuracy": 0.7918781725888325,
      "matched_mean_correct_wins": 156
    },
    "ORG": {
      "n": 664,
      "avg_correct_nll": 1.291838132811918,
      "avg_incorrect_nll": 1.3516716630853578,
      "delta": 0.05983353027343985,
      "accuracy": 0.661144578313253,
      "correct_wins": 439,
      "avg_correct_sum_nll": 318.85926837483083,
      "avg_incorrect_sum_nll": 335.63406397779306,
      "sum_delta": 16.77479560296223,
      "sum_accuracy": 0.6822289156626506,
      "sum_correct_wins": 453,
      "avg_correct_matched_mean_nll": 1.291888281949649,
      "avg_incorrect_matched_mean_nll": 1.35195382140328,
      "matched_mean_delta": 0.06006553945363091,
      "matched_mean_accuracy": 0.6551204819277109,
      "matched_mean_correct_wins": 435
    },
    "PERSON": {
      "n": 402,
      "avg_correct_nll": 1.3574851134099297,
      "avg_incorrect_nll": 1.4131430678535468,
      "delta": 0.0556579544436171,
      "accuracy": 0.7238805970149254,
      "correct_wins": 291,
      "avg_correct_sum_nll": 339.70684001932096,
      "avg_incorrect_sum_nll": 355.5542871003127,
      "sum_delta": 15.847447080991742,
      "sum_accuracy": 0.7338308457711443,
      "sum_correct_wins": 295,
      "avg_correct_matched_mean_nll": 1.3569970265817595,
      "avg_incorrect_matched_mean_nll": 1.4134554898645932,
      "matched_mean_delta": 0.05645846328283377,
      "matched_mean_accuracy": 0.7213930348258707,
      "matched_mean_correct_wins": 290
    }
  }
}