{
  "model_size": "small",
  "weights": "results/wiki_coherent_50_50_small_seed42/model_final.npz",
  "n_pairs": 2000,
  "avg_correct_nll": 1.2906315613617343,
  "avg_incorrect_nll": 1.289850591872895,
  "delta": -0.0007809694888392116,
  "pair_accuracy": 0.4685,
  "correct_wins": 937,
  "bootstrap_ci_95": [
    -0.005636856336809624,
    0.004161906670493316
  ],
  "wilcoxon_p": 0.7047070039109748,
  "robustness": {
    "sum_nll": {
      "avg_correct": 318.4861027053595,
      "avg_incorrect": 320.13149224698543,
      "delta": 1.6453895416259456,
      "pair_accuracy": 0.5105,
      "correct_wins": 1021
    },
    "length_matched_mean_nll": {
      "avg_correct": 1.290736324229263,
      "avg_incorrect": 1.290051881940191,
      "delta": -0.0006844422890721624,
      "pair_accuracy": 0.471,
      "correct_wins": 942
    },
    "completion_lengths": {
      "correct_mean": 472.187,
      "incorrect_mean": 499.9635,
      "correct_min": 22,
      "incorrect_min": 30,
      "correct_max": 997,
      "incorrect_max": 1180,
      "correct_scored_mean": 247.4325,
      "incorrect_scored_mean": 248.846
    }
  },
  "by_type": {
    "CARDINAL": {
      "n": 204,
      "avg_correct_nll": 1.3252604042161247,
      "avg_incorrect_nll": 1.2973321206268782,
      "delta": -0.027928283589246483,
      "accuracy": 0.3333333333333333,
      "correct_wins": 68,
      "avg_correct_sum_nll": 317.28427522556456,
      "avg_incorrect_sum_nll": 315.45433569889445,
      "sum_delta": -1.8299395266701026,
      "sum_accuracy": 0.4411764705882353,
      "sum_correct_wins": 90,
      "avg_correct_matched_mean_nll": 1.3253897914102466,
      "avg_incorrect_matched_mean_nll": 1.294335775661195,
      "matched_mean_delta": -0.031054015749051533,
      "matched_mean_accuracy": 0.31862745098039214,
      "matched_mean_correct_wins": 65
    },
    "DATE": {
      "n": 326,
      "avg_correct_nll": 1.250006364935072,
      "avg_incorrect_nll": 1.2557981570619843,
      "delta": 0.005791792126912387,
      "accuracy": 0.49079754601226994,
      "correct_wins": 160,
      "avg_correct_sum_nll": 308.4116420621521,
      "avg_incorrect_sum_nll": 312.5764058740592,
      "sum_delta": 4.1647638119071075,
      "sum_accuracy": 0.5214723926380368,
      "sum_correct_wins": 170,
      "avg_correct_matched_mean_nll": 1.2505838395472266,
      "avg_incorrect_matched_mean_nll": 1.2561616005027219,
      "matched_mean_delta": 0.005577760955495226,
      "matched_mean_accuracy": 0.4785276073619632,
      "matched_mean_correct_wins": 156
    },
    "EVENT": {
      "n": 9,
      "avg_correct_nll": 1.1864000724421606,
      "avg_incorrect_nll": 1.148092716311415,
      "delta": -0.03830735613074565,
      "accuracy": 0.2222222222222222,
      "correct_wins": 2,
      "avg_correct_sum_nll": 303.7184185451931,
      "avg_incorrect_sum_nll": 293.91173537572223,
      "sum_delta": -9.806683169470887,
      "sum_accuracy": 0.2222222222222222,
      "sum_correct_wins": 2,
      "avg_correct_matched_mean_nll": 1.1864000724421606,
      "avg_incorrect_matched_mean_nll": 1.148092716311415,
      "matched_mean_delta": -0.03830735613074565,
      "matched_mean_accuracy": 0.2222222222222222,
      "matched_mean_correct_wins": 2
    },
    "GPE": {
      "n": 282,
      "avg_correct_nll": 1.2621701883574317,
      "avg_incorrect_nll": 1.272222094280763,
      "delta": 0.010051905923331272,
      "accuracy": 0.5070921985815603,
      "correct_wins": 143,
      "avg_correct_sum_nll": 313.63375945378704,
      "avg_incorrect_sum_nll": 317.2239109074816,
      "sum_delta": 3.5901514536945456,
      "sum_accuracy": 0.5319148936170213,
      "sum_correct_wins": 150,
      "avg_correct_matched_mean_nll": 1.2618251421912388,
      "avg_incorrect_matched_mean_nll": 1.2733678343652401,
      "matched_mean_delta": 0.01154269217400139,
      "matched_mean_accuracy": 0.5106382978723404,
      "matched_mean_correct_wins": 144
    },
    "LOC": {
      "n": 33,
      "avg_correct_nll": 1.2139141790579708,
      "avg_incorrect_nll": 1.2216146982594474,
      "delta": 0.007700519201476519,
      "accuracy": 0.48484848484848486,
      "correct_wins": 16,
      "avg_correct_sum_nll": 282.9753073201035,
      "avg_incorrect_sum_nll": 285.70134805910516,
      "sum_delta": 2.7260407390016326,
      "sum_accuracy": 0.5151515151515151,
      "sum_correct_wins": 17,
      "avg_correct_matched_mean_nll": 1.2100718592581265,
      "avg_incorrect_matched_mean_nll": 1.2229177809797045,
      "matched_mean_delta": 0.012845921721577946,
      "matched_mean_accuracy": 0.45454545454545453,
      "matched_mean_correct_wins": 15
    },
    "NORP": {
      "n": 169,
      "avg_correct_nll": 1.2387646951231843,
      "avg_incorrect_nll": 1.2493880206710533,
      "delta": 0.010623325547868934,
      "accuracy": 0.5029585798816568,
      "correct_wins": 85,
      "avg_correct_sum_nll": 304.45109821071287,
      "avg_incorrect_sum_nll": 309.15433560179537,
      "sum_delta": 4.703237391082496,
      "sum_accuracy": 0.5798816568047337,
      "sum_correct_wins": 98,
      "avg_correct_matched_mean_nll": 1.238768118551785,
      "avg_incorrect_matched_mean_nll": 1.2483622734774436,
      "matched_mean_delta": 0.009594154925658627,
      "matched_mean_accuracy": 0.5029585798816568,
      "matched_mean_correct_wins": 85
    },
    "ORG": {
      "n": 517,
      "avg_correct_nll": 1.2858934069499128,
      "avg_incorrect_nll": 1.2831173143490324,
      "delta": -0.0027760926008804088,
      "accuracy": 0.4564796905222437,
      "correct_wins": 236,
      "avg_correct_sum_nll": 318.8079335532751,
      "avg_incorrect_sum_nll": 319.34876652105174,
      "sum_delta": 0.5408329677766233,
      "sum_accuracy": 0.4951644100580271,
      "sum_correct_wins": 256,
      "avg_correct_matched_mean_nll": 1.2863035638604068,
      "avg_incorrect_matched_mean_nll": 1.2836078572780016,
      "matched_mean_delta": -0.002695706582405144,
      "matched_mean_accuracy": 0.4738878143133462,
      "matched_mean_correct_wins": 245
    },
    "PERSON": {
      "n": 460,
      "avg_correct_nll": 1.35343704075638,
      "avg_incorrect_nll": 1.3515744670593544,
      "delta": -0.0018625736970256934,
      "accuracy": 0.4934782608695652,
      "correct_wins": 227,
      "avg_correct_sum_nll": 336.76458615945734,
      "avg_incorrect_sum_nll": 337.2380515394004,
      "sum_delta": 0.47346537994303617,
      "sum_accuracy": 0.5173913043478261,
      "sum_correct_wins": 238,
      "avg_correct_matched_mean_nll": 1.3534508318737628,
      "avg_incorrect_matched_mean_nll": 1.3525505368284032,
      "matched_mean_delta": -0.0009002950453596004,
      "matched_mean_accuracy": 0.5,
      "matched_mean_correct_wins": 230
    }
  }
}